seed,generator,n_real,n_synth,n_real_efectivo,n_train,tasa_positivos_train,epocas,segundos,val_pr_auc,val_roc_auc,val_f1,val_precision,val_recall,val_threshold,val_base_rate,val_lift,test_pr_auc,test_roc_auc,test_f1,test_precision,test_recall,test_threshold,test_base_rate,test_lift
0,sin_sinteticos,500,0,500,500,0.05,100,23.6,0.7370300310087847,0.8801929996728819,0.6852589641434262,0.9052631578947369,0.5512820512820513,0.0648448425681651,0.1327659574468085,5.551347989970013,0.47890357639797565,0.8148055643855108,0.4304635761589404,0.5462184873949579,0.3551912568306011,0.0648448425681651,0.07790549169859515,6.147237710157622
0,ruido,500,250,500,750,0.36666666666666664,100,26.0,0.7205556977615927,0.8641657859641176,0.7109375,0.91,0.5833333333333334,0.6512298714989374,0.1327659574468085,5.427262467114561,0.4885917151166139,0.8018028245765406,0.38823529411764707,0.42038216560509556,0.36065573770491804,0.6512298714989374,0.07790549169859515,6.271595294037848
0,ruido,500,500,500,1000,0.525,100,29.1,0.7379747562699067,0.8573749402380412,0.6852589641434262,0.9052631578947369,0.5512820512820513,0.7333328589671799,0.1327659574468085,5.558463709084234,0.49764635199129614,0.8187967041561338,0.4401294498381877,0.5396825396825397,0.37158469945355194,0.7333328589671799,0.07790549169859515,6.387821206707949
0,ruido,500,1000,500,1500,0.6833333333333333,100,34.1,0.7401777911990641,0.8662039832918145,0.7058823529411765,0.7951807228915663,0.6346153846153846,0.8777091586199127,0.1327659574468085,5.575057081146798,0.5395148208119367,0.8396707183547018,0.4734042553191489,0.46113989637305697,0.48633879781420764,0.8777091586199127,0.07790549169859515,6.925247617963056
0,ruido,500,2000,500,2500,0.81,100,46.9,0.7335937069653475,0.8549577262776478,0.6892430278884463,0.9105263157894737,0.5544871794871795,0.9624828006039147,0.1327659574468085,5.525465421053099,0.5065829763651183,0.8278966037469284,0.4336569579288026,0.5317460317460317,0.366120218579235,0.9624828006039147,0.07790549169859515,6.502532303178485
0,gaussiano,500,250,500,750,0.36666666666666664,100,26.8,0.7295116777318522,0.8643214815933167,0.7041742286751361,0.8117154811715481,0.6217948717948718,0.05619902163712667,0.1327659574468085,5.49471936753158,0.5002260730846745,0.821945213911973,0.4,0.39572192513368987,0.40437158469945356,0.05619902163712667,0.07790549169859515,6.420934675824592
0,gaussiano,500,500,500,1000,0.525,100,29.3,0.7175357021709309,0.8769666402455902,0.7023172905525846,0.7911646586345381,0.6314102564102564,0.045212450877833814,0.1327659574468085,5.404515705454127,0.4917316325503581,0.7834314719787677,0.4098360655737705,0.4098360655737705,0.4098360655737705,0.045212450877833814,0.07790549169859515,6.311899480113613
0,gaussiano,500,1000,500,1500,0.6833333333333333,100,33.7,0.7221518426388255,0.8919527377267809,0.6734348561759729,0.7132616487455197,0.6378205128205128,0.03533767977050122,0.1327659574468085,5.439284712183461,0.48361341396566854,0.7839537007603853,0.36764705882352944,0.3333333333333333,0.4098360655737705,0.03533767977050122,0.07790549169859515,6.2076934940183355
0,gaussiano,500,2000,500,2500,0.81,100,45.8,0.7160767103330127,0.8801348103973228,0.6932849364791288,0.799163179916318,0.6121794871794872,0.06270868172164724,0.1327659574468085,5.393526504110834,0.4869274618618526,0.8030617239100051,0.4340175953079179,0.46835443037974683,0.40437158469945356,0.06270868172164724,0.07790549169859515,6.25023283012837
0,student_t,500,250,500,750,0.36666666666666664,100,26.2,0.7050677185401557,0.8545472559824865,0.667741935483871,0.672077922077922,0.6634615384615384,0.36789332725320545,0.1327659574468085,5.310606213363353,0.4527834967658797,0.7694473457154534,0.35170603674540685,0.3383838383838384,0.366120218579235,0.36789332725320545,0.07790549169859515,5.811958655207931
0,student_t,500,500,500,1000,0.525,100,29.6,0.7274533837290403,0.8701404091492414,0.7203065134099617,0.8952380952380953,0.6025641025641025,0.750842011535869,0.1327659574468085,5.479216191548862,0.500918686893528,0.8386313064801779,0.4036144578313253,0.44966442953020136,0.366120218579235,0.750842011535869,0.07790549169859515,6.4298251120923355
0,student_t,500,1000,500,1500,0.6833333333333333,100,34.4,0.7229220380047919,0.8653342895246722,0.685823754789272,0.8523809523809524,0.5737179487179487,0.7954293530688566,0.1327659574468085,5.44508586317712,0.5016553187457395,0.8344837503595053,0.3987538940809969,0.463768115942029,0.34972677595628415,0.7954293530688566,0.07790549169859515,6.43928056685105
0,student_t,500,2000,500,2500,0.81,100,47.8,0.719313014391048,0.8518485317430362,0.7126436781609196,0.8857142857142857,0.5961538461538461,0.927059560165686,0.1327659574468085,5.417902512240266,0.4990580069794644,0.8093776647543506,0.41975308641975306,0.48226950354609927,0.37158469945355194,0.927059560165686,0.07790549169859515,6.405941302703617
0,vae,500,250,500,750,0.36666666666666664,100,26.7,0.6845686739678423,0.8352913238217458,0.6860254083484574,0.7907949790794979,0.6057692307692307,0.22382091773783458,0.1327659574468085,5.156206358411633,0.44085406053509735,0.7774195338792768,0.3422459893048128,0.33507853403141363,0.34972677595628415,0.22382091773783458,0.07790549169859515,5.6588316294914955
0,vae,500,500,500,1000,0.525,100,29.9,0.6926211869181617,0.8041459072494402,0.6590038314176245,0.819047619047619,0.5512820512820513,0.15717929258066088,0.1327659574468085,5.216858298902821,0.5162440066086765,0.7669169328267462,0.4067796610169492,0.3652173913043478,0.45901639344262296,0.15717929258066088,0.07790549169859515,6.626541920894979
0,vae,500,1000,500,1500,0.6833333333333333,100,34.1,0.6773568427795909,0.8401886590674619,0.6903225806451613,0.6948051948051948,0.6858974358974359,0.6874980663932672,0.1327659574468085,5.101886476064227,0.44046105386515677,0.7543809192235694,0.25448028673835127,0.18933333333333333,0.3879781420765027,0.6874980663932672,0.07790549169859515,5.653786970105209
0,vae,500,2000,500,2500,0.81,100,43.6,0.682594652583283,0.8430690282076444,0.7186932849364791,0.8284518828451883,0.6346153846153846,0.5799542882011717,0.1327659574468085,5.141337928111267,0.4421813228673512,0.6754713934678515,0.4437299035369775,0.5390625,0.3770491803278688,0.5799542882011717,0.07790549169859515,5.6758684558219015
0,gan,500,250,500,750,0.36666666666666664,100,27.0,0.624779097115709,0.7885448906670693,0.6265060240963856,0.6765799256505576,0.5833333333333334,0.12417731575955872,0.1327659574468085,4.705868199429219,0.45639788119791674,0.791797223862071,0.3780821917808219,0.3791208791208791,0.3770491803278688,0.12417731575955872,0.07790549169859515,5.858353130786374
0,gan,500,500,500,1000,0.525,100,29.5,0.6319702785225529,0.782164515236154,0.6471600688468159,0.6988847583643123,0.6025641025641025,0.11953285121266591,0.1327659574468085,4.760032546564101,0.4552958029383053,0.7792460731927604,0.3802469135802469,0.34684684684684686,0.4207650273224044,0.11953285121266591,0.07790549169859515,5.844206781978574
0,gan,500,1000,500,1500,0.6833333333333333,100,34.4,0.6492308606002728,0.8009313429455726,0.65,0.6770833333333334,0.625,0.16408952003016192,0.1327659574468085,4.890040135931542,0.46605113844235213,0.7919965285661666,0.3842364532019704,0.34977578475336324,0.4262295081967213,0.16408952003016192,0.07790549169859515,5.982262973776422
0,gan,500,2000,500,2500,0.81,100,44.9,0.6416897962896477,0.7994089856822928,0.64,0.6666666666666666,0.6153846153846154,0.08444588496467147,0.1327659574468085,4.833240452822667,0.461096684519408,0.8115763236102912,0.3641025641025641,0.34299516908212563,0.3879781420765027,0.08444588496467147,0.07790549169859515,5.918667278339286
0,autoregresivo,500,250,500,750,0.36666666666666664,100,29.8,0.36765675084521815,0.6201152462192697,0.37433155080213903,0.42168674698795183,0.33653846153846156,0.45414722462812396,0.1327659574468085,2.7692095015585343,0.28204644705765913,0.67834239034457,0.2620232172470978,0.1880952380952381,0.43169398907103823,0.45414722462812396,0.07790549169859515,3.6203666892811
0,autoregresivo,500,500,500,1000,0.525,100,32.0,0.664061187886955,0.8440826224805617,0.6215139442231076,0.8210526315789474,0.5,0.5275952835042937,0.1327659574468085,5.001742921584437,0.45405758158545406,0.7704590063020652,0.3806970509383378,0.3736842105263158,0.3879781420765027,0.5275952835042937,0.07790549169859515,5.828312891498533
0,autoregresivo,500,1000,500,1500,0.6833333333333333,100,36.1,0.6863576715980929,0.8394526433657934,0.6896551724137931,0.7949790794979079,0.6089743589743589,0.7665242543090292,0.1327659574468085,5.169681180306149,0.44920023028426376,0.7529756949174777,0.31746031746031744,0.2713178294573643,0.3825136612021858,0.7665242543090292,0.07790549169859515,5.765963611681615
0,autoregresivo,500,2000,500,2500,0.81,100,45.4,0.6871014461395399,0.8462765154374576,0.6934865900383141,0.861904761904762,0.5801282051282052,0.8894396765652826,0.1327659574468085,5.175283328294612,0.4637381586646786,0.7564067632411486,0.375366568914956,0.4050632911392405,0.34972677595628415,0.8894396765652826,0.07790549169859515,5.952573413679399
0,factor_mercado,500,250,500,750,0.36666666666666664,100,28.0,0.731306720870009,0.8716816386099997,0.685823754789272,0.8523809523809524,0.5737179487179487,0.6504451712650413,0.1327659574468085,5.508239724501671,0.5218854643980931,0.8019113068838332,0.4897959183673469,0.6486486486486487,0.39344262295081966,0.6504451712650413,0.07790549169859515,6.698956043011589
0,factor_mercado,500,500,500,1000,0.525,100,32.4,0.7087650904327969,0.8808236456052942,0.7094474153297683,0.7991967871485943,0.6378205128205128,0.41183409414121086,0.1327659574468085,5.338455008067541,0.4334457744166384,0.6882243716856131,0.4049079754601227,0.46153846153846156,0.36065573770491804,0.41183409414121086,0.07790549169859515,5.563738383085703
0,factor_mercado,500,1000,500,1500,0.6833333333333333,100,38.9,0.703931685058405,0.8870506844316952,0.7078039927404719,0.8158995815899581,0.625,0.7094026580853622,0.1327659574468085,5.302049550920679,0.4564214851432871,0.767388704721251,0.37222222222222223,0.3785310734463277,0.366120218579235,0.7094026580853622,0.07790549169859515,5.858656112576948
0,factor_mercado,500,2000,500,2500,0.81,100,46.6,0.6908187132326443,0.859638031252359,0.7005444646098004,0.8075313807531381,0.6185897435897436,0.792737204039297,0.1327659574468085,5.203281974668956,0.45687242926954463,0.7761429746353229,0.4161490683229814,0.48201438848920863,0.366120218579235,0.792737204039297,0.07790549169859515,5.864444460951696
0,sin_sinteticos,1000,0,1000,1000,0.05,100,29.5,0.7296023640667394,0.8745140409149241,0.6819923371647509,0.8476190476190476,0.5705128205128205,0.2016517100807499,0.1327659574468085,5.495402421656531,0.4847208784883487,0.8067564294688403,0.42073170731707316,0.47586206896551725,0.3770491803278688,0.2016517100807499,0.07790549169859515,6.221908981252082
0,ruido,1000,250,1000,1250,0.24,100,32.9,0.7237208635607346,0.8694641554062554,0.7011494252873564,0.8714285714285714,0.5865384615384616,0.6070822769263216,0.1327659574468085,5.4511026582298925,0.4850900531188335,0.8026101347703455,0.39009287925696595,0.45,0.3442622950819672,0.6070822769263216,0.07790549169859515,6.226647731017158
0,ruido,1000,500,1000,1500,0.36666666666666664,100,33.3,0.7367400695658909,0.8682107269570469,0.7164750957854407,0.8904761904761904,0.5993589743589743,0.7235078654078878,0.1327659574468085,5.54916398551232,0.5035074202541288,0.8144876859967002,0.3952802359882006,0.42948717948717946,0.366120218579235,0.7235078654078878,0.07790549169859515,6.463054263262014
0,ruido,1000,1000,1000,2000,0.525,100,37.9,0.7453042702227591,0.8678427191062127,0.7088122605363985,0.8809523809523809,0.592948717948718,0.9286626695394519,0.1327659574468085,5.613669984049628,0.5168714551163601,0.830669209693777,0.4166666666666667,0.45751633986928103,0.3825136612021858,0.9286626695394519,0.07790549169859515,6.63459589108377
0,ruido,1000,2000,1000,3000,0.6833333333333333,100,50.1,0.7411639745308101,0.8505487091416924,0.6987951807228916,0.7546468401486989,0.6506410256410257,0.9089800559091972,0.1327659574468085,5.582485064575012,0.5191905435611806,0.8361816246108513,0.42786069651741293,0.3926940639269406,0.46994535519125685,0.9089800559091972,0.07790549169859515,6.664363862432858
0,gaussiano,1000,250,1000,1250,0.24,100,33.1,0.7158113127421556,0.8772976900430286,0.6580406654343808,0.777292576419214,0.5705128205128205,0.23553976385733616,0.1327659574468085,5.391527515846365,0.4867662341414144,0.8101004596622416,0.3850267379679144,0.3769633507853403,0.39344262295081966,0.23553976385733616,0.07790549169859515,6.248163300536516
0,gaussiano,1000,500,1000,1500,0.36666666666666664,100,34.6,0.7356526239069024,0.8775980725195642,0.7150635208711433,0.8242677824267782,0.6314102564102564,0.0264108791563879,0.1327659574468085,5.540973289042375,0.48921401994708374,0.8030617239100051,0.4124293785310734,0.4269005847953216,0.3989071038251366,0.0264108791563879,0.07790549169859515,6.279583239648632
0,gaussiano,1000,1000,1000,2000,0.525,100,37.9,0.7254795533125974,0.8911577464079917,0.7024029574861368,0.8296943231441049,0.6089743589743589,0.04363176447804226,0.1327659574468085,5.464349199630141,0.4814593798822705,0.7986770204199021,0.4416403785488959,0.5223880597014925,0.3825136612021858,0.04363176447804226,0.07790549169859515,6.180044171275702
0,gaussiano,1000,2000,1000,3000,0.6833333333333333,100,50.0,0.724850689116992,0.8978856848091391,0.6919104991394148,0.7472118959107806,0.6442307692307693,0.03487847966206178,0.1327659574468085,5.459612562259395,0.4773648391533005,0.7855304784826606,0.36683417085427134,0.3395348837209302,0.3989071038251366,0.03487847966206178,0.07790549169859515,6.127486377984169
0,student_t,1000,250,1000,1250,0.24,100,31.8,0.6799777549475788,0.843810548300244,0.6590038314176245,0.819047619047619,0.5512820512820513,0.31415976835699644,0.1327659574468085,5.121627320919265,0.37367070020336485,0.7429574799812301,0.30128205128205127,0.3643410852713178,0.2568306010928962,0.31415976835699644,0.07790549169859515,4.796461610807126
0,student_t,1000,500,1000,1500,0.36666666666666664,100,34.2,0.7183912817315803,0.8638504629979115,0.7030075187969925,0.85,0.5993589743589743,0.42700854682471584,0.1327659574468085,5.4109599745808135,0.4627116192143603,0.7791830020838696,0.3853211009174312,0.4375,0.3442622950819672,0.42700854682471584,0.07790549169859515,5.939396685981051
0,student_t,1000,1000,1000,2000,0.525,100,39.3,0.733558000907821,0.869121310485393,0.7164750957854407,0.8904761904761904,0.5993589743589743,0.8019887825671369,0.1327659574468085,5.525196481196729,0.5022335305898038,0.8160720322520422,0.41009463722397477,0.48507462686567165,0.3551912568306011,0.8019887825671369,0.07790549169859515,6.44670253199699
0,student_t,1000,2000,1000,3000,0.6833333333333333,100,51.6,0.7315642435356421,0.8626104023552502,0.7049808429118773,0.8761904761904762,0.5897435897435898,0.9055491350889205,0.1327659574468085,5.51017939842551,0.5088174615755796,0.82764684215572,0.4012158054711246,0.4520547945205479,0.36065573770491804,0.9055491350889205,0.07790549169859515,6.531214301863588
0,vae,1000,250,1000,1250,0.24,100,34.5,0.6724569591229805,0.8424682632545732,0.6580406654343808,0.777292576419214,0.5705128205128205,0.07516726250558335,0.1327659574468085,5.064980301086552,0.41644932381671396,0.7704943261230441,0.291970802919708,0.2631578947368421,0.32786885245901637,0.07516726250558335,0.07790549169859515,5.345570828663722
0,vae,1000,500,1000,1500,0.36666666666666664,100,34.8,0.7117071776425177,0.8501531793362018,0.7041742286751361,0.8117154811715481,0.6217948717948718,0.431482785553241,0.1327659574468085,5.3606149598074255,0.47133468175073756,0.7859089051360065,0.40625,0.4744525547445255,0.3551912568306011,0.431482785553241,0.07790549169859515,6.0500828821447135
0,vae,1000,1000,1000,2000,0.525,100,40.9,0.7093342055373344,0.8579568329936338,0.7110332749562172,0.7837837837837838,0.6506410256410257,0.03572336683848077,0.1327659574468085,5.3427416122203075,0.5225528631867272,0.8012831186392787,0.3588709677419355,0.28434504792332266,0.48633879781420764,0.03572336683848077,0.07790549169859515,6.707522817626351
0,vae,1000,2000,1000,3000,0.6833333333333333,100,50.2,0.6783642777023318,0.8412533655418837,0.6885245901639344,0.7046979865771812,0.6730769230769231,0.6627297788237323,0.1327659574468085,5.109474527565641,0.44135617396459353,0.7538208477766173,0.25585585585585585,0.19086021505376344,0.3879781420765027,0.6627297788237323,0.07790549169859515,5.6652767903979795
0,gan,1000,250,1000,1250,0.24,100,33.2,0.6521600031766442,0.8247795098261241,0.6173752310536045,0.7292576419213974,0.5352564102564102,0.08418058370642294,0.1327659574468085,4.912102588029212,0.546948458826539,0.8251921145976819,0.5219638242894057,0.4950980392156863,0.5519125683060109,0.08418058370642294,0.07790549169859515,7.020666282970164
0,gan,1000,500,1000,1500,0.36666666666666664,100,34.9,0.6577087355092711,0.8123616038851563,0.6299483648881239,0.6802973977695167,0.5865384615384616,0.01834936434005489,0.1327659574468085,4.953895924508934,0.5203189572441754,0.8118235623571439,0.46475195822454307,0.445,0.48633879781420764,0.01834936434005489,0.07790549169859515,6.678848254462121
0,gan,1000,1000,1000,2000,0.525,100,40.0,0.6680100047254193,0.8116303062328577,0.6524064171122995,0.7349397590361446,0.5865384615384616,0.06807573852005631,0.1327659574468085,5.031485612515178,0.5417602741343271,0.8244302156022787,0.47701149425287354,0.503030303030303,0.453551912568306,0.06807573852005631,0.07790549169859515,6.954070404052101
0,gan,1000,2000,1000,3000,0.6833333333333333,100,49.8,0.6818970755963092,0.8141324450819053,0.6896551724137931,0.7949790794979079,0.6089743589743589,0.04904233539570905,0.1327659574468085,5.136083742472201,0.5324532458438902,0.8012932100167012,0.4827586206896552,0.509090909090909,0.45901639344262296,0.04904233539570905,0.07790549169859515,6.8346047786191155
0,autoregresivo,1000,250,1000,1250,0.24,100,29.4,0.5663481792522548,0.7863163986814625,0.5408348457350273,0.6234309623430963,0.4775641025641026,0.18616933528615645,0.1327659574468085,4.265763529624356,0.43150884542290835,0.7840647059120336,0.35451505016722407,0.25542168674698795,0.5792349726775956,0.18616933528615645,0.07790549169859515,5.538875835510447
0,autoregresivo,1000,500,1000,1500,0.36666666666666664,100,33.6,0.444754617319408,0.6978356734858207,0.4323308270676692,0.5227272727272727,0.3685897435897436,0.3455198567817692,0.1327659574468085,3.349914585578875,0.33152216217009867,0.7331133413055215,0.2867383512544803,0.21333333333333335,0.4371584699453552,0.3455198567817692,0.07790549169859515,4.2554402127735615
0,autoregresivo,1000,1000,1000,2000,0.525,100,39.6,0.6417053622144344,0.8370543016028786,0.5772357723577236,0.5,0.6826923076923077,0.5114849828311375,0.1327659574468085,4.833357696166414,0.4609301138186441,0.7681152838956753,0.2931785195936139,0.19960474308300397,0.5519125683060109,0.5114849828311375,0.07790549169859515,5.916529165901612
0,autoregresivo,1000,2000,1000,3000,0.6833333333333333,100,48.9,0.6876919827252063,0.8403427820135376,0.6860254083484574,0.7907949790794979,0.6057692307692307,0.7087406245475055,0.1327659574468085,5.1797312801417785,0.44929505137879555,0.7568886265130759,0.31724137931034485,0.27380952380952384,0.3770491803278688,0.7087406245475055,0.07790549169859515,5.767180741468802
0,factor_mercado,1000,250,1000,1250,0.24,100,31.0,0.7250848615794547,0.8674762839385017,0.7060998151571165,0.834061135371179,0.6121794871794872,0.05231567921320425,0.1327659574468085,5.461376361255509,0.4625914241395077,0.7782344126061487,0.4012345679012346,0.46099290780141844,0.3551912568306011,0.05231567921320425,0.07790549169859515,5.937853854118599
0,factor_mercado,1000,500,1000,1500,0.36666666666666664,100,34.8,0.7283833368938407,0.8628651770212123,0.7435456110154905,0.8029739776951673,0.6923076923076923,0.031411354460886574,0.1327659574468085,5.486220646476045,0.46875043654528115,0.7760799035264319,0.4146341463414634,0.4689655172413793,0.37158469945355194,0.031411354460886574,0.07790549169859515,6.016911341228773
0,factor_mercado,1000,1000,1000,2000,0.525,100,39.9,0.6970802634030837,0.873549199818827,0.6885245901639344,0.7046979865771812,0.6730769230769231,0.038131889256265386,0.1327659574468085,5.250444291657843,0.4437032118247695,0.7043352557407323,0.33497536945812806,0.30493273542600896,0.37158469945355194,0.038131889256265386,0.07790549169859515,5.6954035222753205
0,factor_mercado,1000,2000,1000,3000,0.6833333333333333,100,47.6,0.677919716230681,0.8382566178505825,0.6880570409982175,0.7751004016064257,0.6185897435897436,0.771762895183403,0.1327659574468085,5.106126067763143,0.4452658082611054,0.761033659789393,0.375366568914956,0.4050632911392405,0.34972677595628415,0.771762895183403,0.07790549169859515,5.715461112597468
0,sin_sinteticos,2000,0,2000,2000,0.05,100,37.6,0.7210494275350157,0.8697802647140234,0.6819923371647509,0.8476190476190476,0.5705128205128205,0.14752922048814185,0.1327659574468085,5.430981265087459,0.4803862377693183,0.8034981759835308,0.40625,0.4744525547445255,0.3551912568306011,0.14752922048814185,0.07790549169859515,6.166269248743873
0,ruido,2000,250,2000,2250,0.15555555555555556,100,39.9,0.7165817275563475,0.866045142296369,0.6860254083484574,0.7907949790794979,0.6057692307692307,0.38640838882251943,0.1327659574468085,5.39733031973531,0.47017487875545394,0.7963030238812446,0.3783783783783784,0.42,0.3442622950819672,0.38640838882251943,0.07790549169859515,6.035195574844598
0,ruido,2000,500,2000,2500,0.24,100,42.6,0.7246969463917852,0.8714834805364737,0.6819923371647509,0.8476190476190476,0.5705128205128205,0.40037850142927733,0.1327659574468085,5.458454564168895,0.5008593619440905,0.8221243358612235,0.39634146341463417,0.4482758620689655,0.3551912568306011,0.40037850142927733,0.07790549169859515,6.429063613151195
0,ruido,2000,1000,2000,3000,0.36666666666666664,100,50.1,0.7306555283049622,0.8766654714274931,0.6678765880217786,0.7698744769874477,0.5897435897435898,0.6360301368727403,0.1327659574468085,5.503334908707248,0.5362245376958034,0.8480743129033398,0.44565217391304346,0.44324324324324327,0.44808743169398907,0.6360301368727403,0.07790549169859515,6.883013328128099
0,ruido,2000,2000,2000,4000,0.525,100,62.9,0.7431707073816922,0.8702355564781964,0.6937394247038917,0.7347670250896058,0.657051282051282,0.8057429918716935,0.1327659574468085,5.597599879317234,0.5403235184598647,0.8449308488362118,0.4529262086513995,0.4238095238095238,0.48633879781420764,0.8057429918716935,0.07790549169859515,6.935628114001214
0,gaussiano,2000,250,2000,2250,0.15555555555555556,100,40.5,0.7069888856226327,0.8710289751138622,0.6454183266932271,0.8526315789473684,0.5192307692307693,0.2182205923214679,0.1327659574468085,5.325076542349959,0.5024898699894037,0.8117554455595416,0.46308724832214765,0.6,0.3770491803278688,0.2182205923214679,0.07790549169859515,6.449992921339395
0,gaussiano,2000,500,2000,2500,0.24,100,42.4,0.7176219919711848,0.8696135603029617,0.6551724137931034,0.8142857142857143,0.5480769230769231,0.07244228398624596,0.1327659574468085,5.405165644654758,0.5042728318205892,0.8063489901054044,0.43859649122807015,0.4716981132075472,0.4098360655737705,0.07244228398624596,0.07790549169859515,6.472879136320023
0,gaussiano,2000,1000,2000,3000,0.36666666666666664,100,48.0,0.7387181896651756,0.8805358445937445,0.7164750957854407,0.8904761904761904,0.5993589743589743,0.10611882917407695,0.1327659574468085,5.564063287542188,0.502516154783116,0.8217004980094758,0.41846153846153844,0.4788732394366197,0.37158469945355194,0.10611882917407695,0.07790549169859515,6.450330314675078
0,gaussiano,2000,2000,2000,4000,0.525,100,57.3,0.731583625530623,0.8792320902845927,0.7171903881700554,0.8471615720524017,0.6217948717948718,0.06567156825821915,0.1327659574468085,5.510325384605654,0.49090775532159686,0.7847660566429016,0.43582089552238806,0.48026315789473684,0.3989071038251366,0.06567156825821915,0.07790549169859515,6.301324137980497
0,student_t,2000,250,2000,2250,0.15555555555555556,100,39.9,0.6909365870106393,0.8520718527465336,0.6524064171122995,0.7349397590361446,0.5865384615384616,0.15921534454021136,0.1327659574468085,5.204169806009624,0.4085802256127398,0.761222873116066,0.34146341463414637,0.38620689655172413,0.30601092896174864,0.15921534454021136,0.07790549169859515,5.24456256811107
0,student_t,2000,500,2000,2500,0.24,100,42.9,0.6744573787379178,0.8536948617296999,0.62109375,0.795,0.5096153846153846,0.46341970635111607,0.1327659574468085,5.080047564211881,0.4311659969730047,0.7731483583851778,0.3916083916083916,0.5436893203883495,0.30601092896174864,0.46341970635111607,0.07790549169859515,5.534475010325617
0,student_t,2000,1000,2000,3000,0.36666666666666664,100,48.2,0.7232374372939472,0.8677420673863264,0.7164750957854407,0.8904761904761904,0.5993589743589743,0.39730424224629163,0.1327659574468085,5.4474614667973595,0.48152094981032995,0.8021661141637528,0.3843843843843844,0.4266666666666667,0.34972677595628415,0.39730424224629163,0.07790549169859515,6.180834486909645
0,student_t,2000,2000,2000,4000,0.525,100,57.0,0.7204714793824384,0.874067398907929,0.6892430278884463,0.9105263157894737,0.5544871794871795,0.6909379022462024,0.1327659574468085,5.42662812996388,0.49942464629314615,0.8468078450368083,0.4175084175084175,0.543859649122807,0.33879781420765026,0.6909379022462024,0.07790549169859515,6.410647508975958
0,vae,2000,250,2000,2250,0.15555555555555556,100,40.8,0.6701663899324205,0.8461868724994338,0.6254980079681275,0.8263157894736842,0.5032051282051282,0.14879695983494026,0.1327659574468085,5.047727616478168,0.43730897772667626,0.7802047540479037,0.40569395017793597,0.5816326530612245,0.3114754098360656,0.14879695983494026,0.07790549169859515,5.6133267140981555
0,vae,2000,500,2000,2500,0.24,100,44.8,0.6619496771011212,0.837148662590272,0.6294820717131474,0.8315789473684211,0.5064102564102564,0.023467116699624382,0.1327659574468085,4.985838914062932,0.44385030556895394,0.7852176457825613,0.43018867924528303,0.6951219512195121,0.3114754098360656,0.023467116699624382,0.07790549169859515,5.697291627221163
0,vae,2000,1000,2000,3000,0.36666666666666664,100,49.4,0.7168784905672864,0.8570588309302736,0.7460595446584939,0.8223938223938224,0.6826923076923077,0.1094972909610688,0.1327659574468085,5.399565553952318,0.4669487945274548,0.7971506995847398,0.3485254691689008,0.34210526315789475,0.3551912568306011,0.1094972909610688,0.07790549169859515,5.993785346147494
0,vae,2000,2000,2000,4000,0.525,100,59.6,0.6666995255958522,0.7905241123776452,0.7049808429118773,0.8761904761904762,0.5897435897435898,0.06863029658794405,0.1327659574468085,5.021615016507221,0.4625257961798783,0.6874902239781219,0.39473684210526316,0.38071065989847713,0.4098360655737705,0.06863029658794405,0.07790549169859515,5.937011449325324
0,gan,2000,250,2000,2250,0.15555555555555556,100,41.7,0.6711902193940671,0.8284234166226316,0.6098654708520179,0.5714285714285714,0.6538461538461539,0.02739023059770903,0.1327659574468085,5.055439152487365,0.4770106202639935,0.7866733269757655,0.3099510603588907,0.22093023255813954,0.5191256830601093,0.02739023059770903,0.07790549169859515,6.122939601093556
0,gan,2000,500,2000,2500,0.24,100,46.2,0.6679929051300563,0.8141041367856872,0.658493870402802,0.7258687258687259,0.6025641025641025,0.09854178493175716,0.1327659574468085,5.031356817486001,0.46774601437474517,0.7961390389981281,0.4076086956521739,0.40540540540540543,0.4098360655737705,0.09854178493175716,0.07790549169859515,6.004018512384024
0,gan,2000,1000,2000,3000,0.36666666666666664,100,50.7,0.6659250403242896,0.8132485971666541,0.650375939849624,0.7863636363636364,0.5544871794871795,0.48770920317438493,0.1327659574468085,5.015781553724618,0.5028937322044826,0.8192306333853039,0.4430379746835443,0.5263157894736842,0.3825136612021858,0.48770920317438493,0.07790549169859515,6.455176923214917
0,gan,2000,2000,2000,4000,0.525,100,62.0,0.6739069923723021,0.8080084170000755,0.6666666666666666,0.751004016064257,0.5993589743589743,0.13863609992581294,0.1327659574468085,5.075902025881122,0.4873098518698368,0.7986656676203019,0.43209876543209874,0.49645390070921985,0.3825136612021858,0.13863609992581294,0.07790549169859515,6.25514121334561
0,autoregresivo,2000,250,2000,2250,0.15555555555555556,100,43.0,0.5740642783362139,0.7960984877079087,0.5454545454545454,0.6144578313253012,0.49038461538461536,0.20146131366591497,0.1327659574468085,4.323881583622124,0.4351784929292517,0.7876294849865533,0.3560606060606061,0.27246376811594203,0.5136612021857924,0.20146131366591497,0.07790549169859515,5.585979671534493
0,autoregresivo,2000,500,2000,2500,0.24,100,46.3,0.528453572341813,0.7735367756221534,0.49569707401032703,0.5353159851301115,0.46153846153846156,0.15695601884958132,0.1327659574468085,3.980339407061733,0.3716433537462504,0.7631049150053736,0.35766423357664234,0.2684931506849315,0.5355191256830601,0.15695601884958132,0.07790549169859515,4.770438458742854
0,autoregresivo,2000,1000,2000,3000,0.36666666666666664,100,50.3,0.47056023884340104,0.7141428247905186,0.44921875,0.575,0.3685897435897436,0.6040893154785414,0.1327659574468085,3.5442838502627967,0.363623590431934,0.744423252551857,0.34442270058708413,0.2682926829268293,0.4808743169398907,0.6040893154785414,0.07790549169859515,4.667496250954169
0,autoregresivo,2000,2000,2000,4000,0.525,100,59.6,0.6002740041742989,0.8060755894416345,0.5466101694915254,0.80625,0.41346153846153844,0.7201951657102891,0.1327659574468085,4.521294582723085,0.46212486546032844,0.7659065336623122,0.40483383685800606,0.4527027027027027,0.366120218579235,0.7201951657102891,0.07790549169859515,5.931865076318642
0,factor_mercado,2000,250,2000,2250,0.15555555555555556,100,40.9,0.7176446215521919,0.8645039128356106,0.6728280961182994,0.7947598253275109,0.5833333333333334,0.2675883118655499,0.1327659574468085,5.405336091819395,0.4611487124883435,0.7880835969705685,0.39490445859872614,0.4732824427480916,0.33879781420765026,0.2675883118655499,0.07790549169859515,5.919335112760212
0,factor_mercado,2000,500,2000,2500,0.24,100,43.3,0.7326774276101521,0.8668943911829093,0.7134935304990758,0.8427947598253275,0.6185897435897436,0.15773090779480808,0.1327659574468085,5.518563957961082,0.4628830072195288,0.7787036616562978,0.4,0.46715328467153283,0.34972677595628415,0.15773090779480808,0.07790549169859515,5.941596633653951
0,factor_mercado,2000,1000,2000,3000,0.36666666666666664,100,47.5,0.7496996856208731,0.8696072695704687,0.7504621072088724,0.8864628820960698,0.6506410256410257,0.8960360651136443,0.1327659574468085,5.646776478234141,0.512806985277619,0.7705145088778893,0.4666666666666667,0.5238095238095238,0.4207650273224044,0.8960360651136443,0.07790549169859515,6.582424089711077
0,factor_mercado,2000,2000,2000,4000,0.525,100,59.3,0.7348002963588863,0.86631407111044,0.7208872458410351,0.851528384279476,0.625,0.1803392863819579,0.1327659574468085,5.534553514241613,0.5161511745214981,0.7858735853150275,0.4553314121037464,0.4817073170731707,0.43169398907103823,0.1803392863819579,0.07790549169859515,6.625350322136606
0,sin_sinteticos,4000,0,4000,4000,0.05,100,58.0,0.721749355957412,0.8721392893988575,0.6766917293233082,0.8181818181818182,0.5769230769230769,0.18026166448523054,0.1327659574468085,5.436253161858713,0.49070589224968375,0.8072294627855229,0.43934426229508194,0.5491803278688525,0.366120218579235,0.18026166448523054,0.07790549169859515,6.298733010352498
0,ruido,4000,250,4000,4250,0.10588235294117647,100,63.9,0.7019357483414106,0.8676775873782743,0.6433333333333333,0.6701388888888888,0.6185897435897436,0.1925746688872827,0.1327659574468085,5.2870160532125485,0.5000603618701637,0.8186907446931969,0.4405797101449275,0.4691358024691358,0.41530054644808745,0.1925746688872827,0.07790549169859515,6.418807595808822
0,ruido,4000,500,4000,4500,0.15555555555555556,100,63.7,0.7117851362063694,0.8673457512392743,0.6802218114602587,0.8034934497816594,0.5897435897435898,0.36124417300284406,0.1327659574468085,5.361202147708232,0.48568151084513944,0.8074237218009073,0.39628482972136225,0.45714285714285713,0.34972677595628415,0.36124417300284406,0.07790549169859515,6.2342397211761345
0,ruido,4000,1000,4000,5000,0.24,100,70.6,0.7043300091638094,0.8727038826400947,0.6488413547237076,0.7309236947791165,0.5833333333333334,0.6168520735842842,0.1327659574468085,5.305049748509462,0.5362752692329821,0.8346250296434211,0.4715909090909091,0.4911242603550296,0.453551912568306,0.6168520735842842,0.07790549169859515,6.883664521465983
0,ruido,4000,2000,4000,6000,0.36666666666666664,100,77.2,0.7269321152692404,0.8738535140031705,0.6802218114602587,0.8034934497816594,0.5897435897435898,0.6693427788910745,0.1327659574468085,5.475289970777933,0.5065147230212584,0.8392822003239333,0.42696629213483145,0.4393063583815029,0.41530054644808745,0.6693427788910745,0.07790549169859515,6.501656198781071
0,gaussiano,4000,250,4000,4250,0.10588235294117647,100,60.3,0.7108542324523102,0.8618806773860748,0.6654135338345865,0.8045454545454546,0.5673076923076923,0.08198593253467024,0.1327659574468085,5.354190532894004,0.4663915131666915,0.7867717179056355,0.41139240506329117,0.48872180451127817,0.3551912568306011,0.08198593253467024,0.07790549169859515,5.986632046057696
0,gaussiano,4000,500,4000,4500,0.15555555555555556,100,62.3,0.7049964975615859,0.8666710701794118,0.6390977443609023,0.7727272727272727,0.5448717948717948,0.03329910094769938,0.1327659574468085,5.310069773300407,0.49616804746883464,0.8075422954856224,0.45714285714285713,0.5454545454545454,0.39344262295081966,0.03329910094769938,0.07790549169859515,6.368845592919631
0,gaussiano,4000,1000,4000,5000,0.24,100,66.6,0.7085295269133018,0.8622250949900606,0.6541353383458647,0.7909090909090909,0.5576923076923077,0.060607654100205736,0.1327659574468085,5.336680731558524,0.47956467838430306,0.7925957041006312,0.4108761329305136,0.4594594594594595,0.37158469945355194,0.060607654100205736,0.07790549169859515,6.15572365860507
0,gaussiano,4000,2000,4000,6000,0.36666666666666664,100,76.6,0.730036456332071,0.8794585566543368,0.7356746765249538,0.868995633187773,0.6378205128205128,0.0544732447152617,0.1327659574468085,5.498672026860151,0.4812695864654826,0.8065457719651444,0.37746478873239436,0.38953488372093026,0.366120218579235,0.0544732447152617,0.07790549169859515,6.177607970532343
0,student_t,4000,250,4000,4250,0.10588235294117647,100,61.2,0.6903403088508222,0.8475252258372964,0.6628352490421456,0.8238095238095238,0.5544871794871795,0.16321465356560316,0.1327659574468085,5.199678608331514,0.3947219447892571,0.751494785280717,0.3563636363636364,0.532608695652174,0.2677595628415301,0.16321465356560316,0.07790549169859515,5.06667676672112
0,student_t,4000,500,4000,4500,0.15555555555555556,100,63.1,0.6469432670297993,0.8425225208223245,0.632183908045977,0.7857142857142857,0.5288461538461539,0.25246978890194655,0.1327659574468085,4.872809863846245,0.3614057757621534,0.7448849330689392,0.2804878048780488,0.31724137931034485,0.25136612021857924,0.25246978890194655,0.07790549169859515,4.639028236422395
0,student_t,4000,1000,4000,5000,0.24,100,67.2,0.6735898045333655,0.842772577438917,0.6475095785440613,0.8047619047619048,0.5416666666666666,0.21756725386836956,0.1327659574468085,5.0735129508122085,0.37422180182690196,0.7446250801003084,0.3164983164983165,0.41228070175438597,0.2568306010928962,0.21756725386836956,0.07790549169859515,4.803535587384659
0,student_t,4000,2000,4000,6000,0.36666666666666664,100,77.3,0.5970054925116415,0.8022744143328049,0.5394045534150613,0.5945945945945946,0.4935897435897436,0.2762275799941121,0.1327659574468085,4.496675985263967,0.4522455230594626,0.781473744758791,0.38461538461538464,0.41935483870967744,0.3551912568306011,0.2762275799941121,0.07790549169859515,5.805053189435397
0,vae,4000,250,4000,4250,0.10588235294117647,100,59.7,0.679482075621163,0.8523565083918371,0.6159052453468697,0.6523297491039427,0.5833333333333334,0.018045420641956078,0.1327659574468085,5.117893838813248,0.4727151091786113,0.7971759280282964,0.37994722955145116,0.3673469387755102,0.39344262295081966,0.018045420641956078,0.07790549169859515,6.067802139128732
0,vae,4000,500,4000,4500,0.15555555555555556,100,66.1,0.6574151065536539,0.8388408696308597,0.649402390438247,0.8578947368421053,0.5224358974358975,0.32745127697952564,0.1327659574468085,4.951684296157329,0.37641568177946166,0.7466660611840213,0.36220472440944884,0.647887323943662,0.25136612021857924,0.32745127697952564,0.07790549169859515,4.831696374316697
0,vae,4000,1000,4000,5000,0.24,100,67.5,0.6659373604727588,0.8349005120656249,0.6428571428571429,0.7772727272727272,0.5480769230769231,0.058375050647450404,0.1327659574468085,5.01587434971469,0.3969525845034391,0.7616467109678136,0.2864721485411141,0.27835051546391754,0.29508196721311475,0.058375050647450404,0.07790549169859515,5.0953094043638165
0,vae,4000,2000,4000,6000,0.36666666666666664,100,76.3,0.714434733332823,0.8483398756951259,0.7344028520499108,0.8273092369477911,0.6602564102564102,0.03120982900023963,0.1327659574468085,5.3811590491414565,0.4828095827777808,0.8126283497065931,0.35294117647058826,0.3317307692307692,0.3770491803278688,0.03120982900023963,0.07790549169859515,6.197375464180366
0,gan,4000,250,4000,4250,0.10588235294117647,100,63.2,0.6787377451876517,0.8412030396819405,0.6417112299465241,0.7228915662650602,0.5769230769230769,0.022261630237039903,0.1327659574468085,5.1122875038172495,0.4674211559622366,0.7921680819823502,0.3660477453580902,0.3556701030927835,0.3770491803278688,0.022261630237039903,0.07790549169859515,5.999848608498873
0,gan,4000,500,4000,4500,0.15555555555555556,100,64.3,0.6724475454468681,0.8355979970307742,0.6265060240963856,0.6765799256505576,0.5833333333333334,0.03266081506464671,0.1327659574468085,5.064909396795321,0.4577753636486498,0.780414150129422,0.3384615384615385,0.28308823529411764,0.4207650273224044,0.03266081506464671,0.07790549169859515,5.876034585850701
0,gan,4000,1000,4000,5000,0.24,100,69.2,0.676788255002777,0.8362129161319545,0.6279491833030852,0.7238493723849372,0.5544871794871795,0.08634121195671438,0.1327659574468085,5.097603843770917,0.5394354084055164,0.8380762807219371,0.4547945205479452,0.45604395604395603,0.453551912568306,0.08634121195671438,0.07790549169859515,6.924228275106874
0,gan,4000,2000,4000,6000,0.36666666666666664,100,79.4,0.7102054965929815,0.8462041720137892,0.6804511278195489,0.8227272727272728,0.5801282051282052,0.05027259270283362,0.1327659574468085,5.349304221133035,0.5618352978689195,0.846086311551095,0.5016722408026756,0.646551724137931,0.4098360655737705,0.05027259270283362,0.07790549169859515,7.211754725104328
0,autoregresivo,4000,250,4000,4250,0.10588235294117647,100,62.3,0.6193192951146613,0.8340897939156037,0.609981515711645,0.7205240174672489,0.5288461538461539,0.13611071103661,0.1327659574468085,4.664744690767481,0.3830931759568326,0.7701840162673003,0.31024930747922436,0.3146067415730337,0.30601092896174864,0.13611071103661,0.07790549169859515,4.917409127445901
0,autoregresivo,4000,500,4000,4500,0.15555555555555556,100,61.9,0.5680058428466225,0.799679487179487,0.5488721804511278,0.6636363636363637,0.46794871794871795,0.026626421209910094,0.1327659574468085,4.278249136825522,0.36123156794979827,0.7790745197765769,0.3228915662650602,0.28879310344827586,0.366120218579235,0.026626421209910094,0.07790549169859515,4.636792093519542
0,autoregresivo,4000,1000,4000,5000,0.24,100,66.4,0.5390385936579535,0.7813074029339976,0.5139442231075697,0.6789473684210526,0.41346153846153844,0.28897767933476864,0.1327659574468085,4.060066330436509,0.3099474769068734,0.7449101615124956,0.31451612903225806,0.24920127795527156,0.4262295081967213,0.28897767933476864,0.07790549169859515,3.9785061380013422
0,autoregresivo,4000,2000,4000,6000,0.36666666666666664,100,74.7,0.4860125626584752,0.7532790443119198,0.4510166358595194,0.5327510917030568,0.391025641025641,0.4984640234077673,0.1327659574468085,3.6606715456647976,0.33318900462772166,0.7227923850465969,0.3219954648526077,0.2751937984496124,0.3879781420765027,0.4984640234077673,0.07790549169859515,4.276835911860755
0,factor_mercado,4000,250,4000,4250,0.10588235294117647,100,60.7,0.7241744826099528,0.8696717495785209,0.6932849364791288,0.799163179916318,0.6121794871794872,0.2261832099633307,0.1327659574468085,5.454519340171119,0.4964317320314249,0.8085690931383679,0.4307692307692308,0.49295774647887325,0.3825136612021858,0.2261832099633307,0.07790549169859515,6.372230265255831
0,factor_mercado,4000,500,4000,4500,0.15555555555555556,100,62.5,0.7310815911262398,0.8717209556880803,0.6823956442831216,0.7866108786610879,0.6025641025641025,0.022041274793524326,0.1327659574468085,5.5065440357264865,0.49533583815175525,0.8062077108214887,0.4353312302839117,0.5149253731343284,0.3770491803278688,0.022041274793524326,0.07790549169859515,6.358163299554498
0,factor_mercado,4000,1000,4000,5000,0.24,100,67.5,0.7243199739771206,0.8753396995546161,0.6633333333333333,0.6909722222222222,0.6378205128205128,0.10680720040590323,0.1327659574468085,5.455615188609722,0.4883459894366654,0.7906720352794554,0.41225626740947074,0.42045454545454547,0.40437158469945356,0.10680720040590323,0.07790549169859515,6.268441143096869
0,factor_mercado,4000,2000,4000,6000,0.36666666666666664,100,75.8,0.7245384039775795,0.8644724591731461,0.7223230490018149,0.8326359832635983,0.6378205128205128,0.16847717065019766,0.1327659574468085,5.457260414574718,0.47363734247468947,0.8057308932382726,0.4444444444444444,0.5789473684210527,0.36065573770491804,0.16847717065019766,0.07790549169859515,6.079639986191506
0,sin_sinteticos,,0,11336,11336,0.05001764290755117,100,129.3,0.7164987652158915,0.8765774011725925,0.6595365418894831,0.7429718875502008,0.592948717948718,0.1114350962602542,0.1327659574468085,5.396705443132516,0.5188299695028982,0.8254544904106687,0.45584045584045585,0.47619047619047616,0.4371584699453552,0.1114350962602542,0.07790549169859515,6.659735510176545
0,ruido,,250,11336,11586,0.07051614016916968,100,128.6,0.7083403695224427,0.8572876563247025,0.6900175131348512,0.7606177606177607,0.6314102564102564,0.11134834420756137,0.1327659574468085,5.335255988390194,0.4006571588709471,0.7622622849905897,0.3202416918429003,0.3581081081081081,0.2896174863387978,0.11134834420756137,0.07790549169859515,5.142861563868059
0,ruido,,500,11336,11836,0.09014869888475836,100,133.6,0.7214794961687333,0.8699359603432223,0.6712564543889845,0.724907063197026,0.625,0.09303271686830444,0.1327659574468085,5.434220564091421,0.4443653345127105,0.7796572968227298,0.3560830860534125,0.38961038961038963,0.32786885245901637,0.09303271686830444,0.07790549169859515,5.703902572515611
0,ruido,,1000,11336,12336,0.127026588845655,100,142.9,0.7177732957205178,0.8748568858357868,0.6642468239564429,0.7656903765690377,0.5865384615384616,0.17746907093507402,0.1327659574468085,5.406305272253901,0.49228119949399946,0.8126535781501496,0.41875,0.48905109489051096,0.366120218579235,0.17746907093507402,0.07790549169859515,6.31895375743937
0,ruido,,2000,11336,13336,0.1924865026994601,100,154.0,0.6812384288754904,0.8671900556100753,0.6238859180035651,0.7028112449799196,0.5608974358974359,0.39054673446577154,0.1327659574468085,5.131122781594239,0.5162762518012811,0.8206737003567302,0.4642857142857143,0.5098039215686274,0.4262295081967213,0.39054673446577154,0.07790549169859515,6.6269558223016904
0,gaussiano,,250,11336,11586,0.07051614016916968,100,140.6,0.6965925152750714,0.8703181223421654,0.62109375,0.795,0.5096153846153846,0.05278790667452735,0.1327659574468085,5.246770547744929,0.5126900836170049,0.818123104713178,0.4850498338870432,0.6186440677966102,0.3989071038251366,0.05278790667452735,0.07790549169859515,6.58092353232975
0,gaussiano,,500,11336,11836,0.09014869888475836,100,139.8,0.7215409317458594,0.8728957499811278,0.6484375,0.83,0.532051282051282,0.05813369052371934,0.1327659574468085,5.434683300008878,0.5118295449586464,0.8068611275095994,0.4694533762057878,0.5703125,0.3989071038251366,0.05813369052371934,0.07790549169859515,6.569877601682298
0,gaussiano,,1000,11336,12336,0.127026588845655,100,149.5,0.7210687654112495,0.8661363579175159,0.6643717728055077,0.7174721189591078,0.6185897435897436,0.05661228986923439,0.1327659574468085,5.431126918962938,0.4820301821092945,0.7966007195152103,0.4228571428571429,0.4431137724550898,0.40437158469945356,0.05661228986923439,0.07790549169859515,6.187371026091435
0,gaussiano,,2000,11336,13336,0.1924865026994601,100,155.7,0.6942819889833465,0.8642302659721698,0.6265560165975104,0.888235294117647,0.483974358974359,0.1271783202035087,0.1327659574468085,5.229367545227129,0.4888604402225666,0.8045123594144982,0.44755244755244755,0.6213592233009708,0.34972677595628415,0.1271783202035087,0.07790549169859515,6.275044667119174
0,student_t,,250,11336,11586,0.07051614016916968,100,131.4,0.6973907294785315,0.851092071160766,0.685823754789272,0.8523809523809524,0.5737179487179487,0.11612061957664353,0.1327659574468085,5.2527827380594525,0.3985732775272814,0.7535736090297644,0.36428571428571427,0.5257731958762887,0.2786885245901639,0.11612061957664353,0.07790549169859515,5.116112726292808
0,student_t,,500,11336,11836,0.09014869888475836,100,133.6,0.7008268727415498,0.8547540638131905,0.6743295019157088,0.8380952380952381,0.5641025641025641,0.07712239580908246,0.1327659574468085,5.278663945328981,0.4138291022209403,0.7632209658457332,0.3724137931034483,0.5046728971962616,0.29508196721311475,0.07712239580908246,0.07790549169859515,5.311937492442562
0,student_t,,1000,11336,12336,0.127026588845655,100,147.2,0.6347706998882194,0.8421136232102866,0.5775401069518716,0.6506024096385542,0.5192307692307693,0.10361542616596743,0.1327659574468085,4.781125463901653,0.4378643046015364,0.7813703081402096,0.3708206686930091,0.4178082191780822,0.3333333333333333,0.10361542616596743,0.07790549169859515,5.620454926278738
0,student_t,,2000,11336,13336,0.1924865026994601,100,155.6,0.5662862706531345,0.789122065373292,0.5183887915936952,0.5714285714285714,0.47435897435897434,0.12425980655886552,0.1327659574468085,4.265297230880981,0.39456562408749307,0.7474128231132908,0.33980582524271846,0.3056768558951965,0.3825136612021858,0.12425980655886552,0.07790549169859515,5.064670223942739
0,vae,,250,11336,11586,0.07051614016916968,100,139.2,0.6847574955950625,0.8469024433205004,0.6796875,0.87,0.5576923076923077,0.1119196893052519,0.1327659574468085,5.157628572591016,0.3965212163411725,0.7543506450913016,0.3684210526315789,0.5903614457831325,0.2677595628415301,0.1119196893052519,0.07790549169859515,5.0897723343465255
0,vae,,500,11336,11836,0.09014869888475836,100,149.0,0.6798650866796713,0.8456301426738129,0.6374501992031872,0.8421052631578947,0.5128205128205128,0.0495337102906543,0.1327659574468085,5.120778697747524,0.419803363699244,0.7697526098824858,0.39849624060150374,0.6385542168674698,0.2896174863387978,0.0495337102906543,0.07790549169859515,5.3886235045329185
0,vae,,1000,11336,12336,0.127026588845655,100,151.4,0.6743456624120472,0.8477564102564101,0.6134301270417423,0.7071129707112971,0.5416666666666666,0.03701662189616751,0.1327659574468085,5.079206111116382,0.4664462526708955,0.7952232464970306,0.3940298507462687,0.4342105263157895,0.36065573770491804,0.03701662189616751,0.07790549169859515,5.987334685923134
0,vae,,2000,11336,13336,0.1924865026994601,100,168.1,0.639746130744692,0.8290697893862762,0.5919439579684763,0.6525096525096525,0.5416666666666666,0.05648249498854918,0.1327659574468085,4.818600664262905,0.4757942661426911,0.8032610286141006,0.36939313984168864,0.35714285714285715,0.3825136612021858,0.05648249498854918,0.07790549169859515,6.107326399831592
0,gan,,250,11336,11586,0.07051614016916968,100,138.1,0.6758577561186765,0.837247741627035,0.6691729323308271,0.8090909090909091,0.5705128205128205,0.09431953578022859,0.1327659574468085,5.090595278457981,0.4025744993522376,0.7558454303720187,0.3832752613240418,0.5288461538461539,0.3005464480874317,0.09431953578022859,0.07790549169859515,5.167472672013148
0,gan,,500,11336,11836,0.09014869888475836,100,139.2,0.6707493685750437,0.8319682443823758,0.6543438077634011,0.7729257641921398,0.5673076923076923,0.042814985943065965,0.1327659574468085,5.052118641510747,0.41715994449849503,0.7668311561186546,0.36253776435045315,0.40540540540540543,0.32786885245901637,0.042814985943065965,0.07790549169859515,5.354692402333141
0,gan,,1000,11336,12336,0.127026588845655,100,146.5,0.6647138561386114,0.8353731033441534,0.6345811051693404,0.714859437751004,0.5705128205128205,0.09158651755537316,0.1327659574468085,5.006658852326081,0.46148038372151984,0.7754693751923669,0.3909348441926346,0.40588235294117647,0.3770491803278688,0.09158651755537316,0.07790549169859515,5.923592466458198
0,gan,,2000,11336,13336,0.1924865026994601,100,161.5,0.6673081519296047,0.8361956166175989,0.6167557932263814,0.6947791164658634,0.5544871794871795,0.11823945956007273,0.1327659574468085,5.026199221264651,0.493035061400244,0.8080090216914158,0.3713527851458886,0.36082474226804123,0.3825136612021858,0.11823945956007273,0.07790549169859515,6.328630378301493
0,autoregresivo,,250,11336,11586,0.07051614016916968,100,138.3,0.6819060015544963,0.8546085906242923,0.632183908045977,0.7857142857142857,0.5288461538461539,0.10683839264336756,0.1327659574468085,5.136150973247008,0.4368197401044377,0.7834932816654809,0.42231075697211157,0.7794117647058824,0.2896174863387978,0.10683839264336756,0.07790549169859515,5.607046827897946
0,autoregresivo,,500,11336,11836,0.09014869888475836,100,139.4,0.584023626764646,0.8158270111471779,0.5668449197860963,0.6385542168674698,0.5096153846153846,0.10460739169902163,0.1327659574468085,4.398895906720892,0.35701425936663356,0.7687106751636065,0.3235294117647059,0.3503184713375796,0.3005464480874317,0.10460739169902163,0.07790549169859515,4.582658444001214
0,autoregresivo,,1000,11336,12336,0.127026588845655,100,144.9,0.5557739214411673,0.7985046928864397,0.5253940455341506,0.5791505791505791,0.4807692307692308,0.10688524898999388,0.1327659574468085,4.186117677521613,0.25444042279858137,0.7431063277982128,0.25806451612903225,0.22310756972111553,0.30601092896174864,0.10688524898999388,0.07790549169859515,3.266013951660479
0,autoregresivo,,2000,11336,13336,0.1924865026994601,100,162.1,0.5445032586359289,0.7824994967414005,0.5078809106830122,0.5598455598455598,0.46474358974358976,0.055678996353026824,0.1327659574468085,4.101226467289849,0.3600104321344971,0.7656958761586161,0.3100303951367781,0.21473684210526317,0.5573770491803278,0.055678996353026824,0.07790549169859515,4.621117514119857
0,factor_mercado,,250,11336,11586,0.07051614016916968,100,151.3,0.7152844915288913,0.8583594398731789,0.6896551724137931,0.7949790794979079,0.6089743589743589,0.10637988729856344,0.1327659574468085,5.387559471451586,0.42424620150412523,0.7713028977390269,0.34674922600619196,0.4,0.30601092896174864,0.10637988729856344,0.07790549169859515,5.445652061930001
0,factor_mercado,,500,11336,11836,0.09014869888475836,100,138.7,0.7172455046909402,0.862714199441383,0.6844919786096256,0.7710843373493976,0.6153846153846154,0.04817016136245567,0.1327659574468085,5.402329923152915,0.4440691983022289,0.7829899742165307,0.3669724770642202,0.4166666666666667,0.32786885245901637,0.04817016136245567,0.07790549169859515,5.700101348699103
0,factor_mercado,,1000,11336,12336,0.127026588845655,100,147.7,0.7196925541376308,0.8706806258020683,0.6559714795008913,0.7389558232931727,0.5897435897435898,0.10076757324092529,0.1327659574468085,5.420761225075104,0.49292583700543885,0.8049336744218902,0.44171779141104295,0.5034965034965035,0.39344262295081966,0.10076757324092529,0.07790549169859515,6.327228366807518
0,factor_mercado,,2000,11336,13336,0.1924865026994601,100,158.1,0.7135175129770144,0.86930531441081,0.6422764227642277,0.8777777777777778,0.5064102564102564,0.08724292266080871,0.1327659574468085,5.374250498384564,0.4978405362083833,0.8038009173062077,0.4557823129251701,0.6036036036036037,0.366120218579235,0.08724292266080871,0.07790549169859515,6.390313768051871
1,sin_sinteticos,500,0,500,500,0.05,100,23.1,0.7138001146938981,0.8540439973830553,0.6781609195402298,0.8428571428571429,0.5673076923076923,0.05274482560639884,0.1327659574468085,5.376379069008529,0.467098965738104,0.7878363582237158,0.427536231884058,0.6344086021505376,0.3224043715846995,0.05274482560639884,0.07790549169859515,5.995712953654679
1,ruido,500,250,500,750,0.36666666666666664,100,26.4,0.7286629453064283,0.8646596084648097,0.69921875,0.895,0.5737179487179487,0.8646810077889628,0.1327659574468085,5.488326671378547,0.5022901044165207,0.8338505164262396,0.4181184668989547,0.5769230769230769,0.32786885245901637,0.8646810077889628,0.07790549169859515,6.447428717346487
1,ruido,500,500,500,1000,0.525,100,29.2,0.7405397652327094,0.87376544374827,0.71875,0.92,0.5897435897435898,0.7789083912252383,0.1327659574468085,5.577783488130985,0.5044405397371323,0.8440819117105388,0.4444444444444444,0.5528455284552846,0.37158469945355194,0.7789083912252383,0.07790549169859515,6.4750318461340095
1,ruido,500,1000,500,1500,0.6833333333333333,100,36.4,0.7354703944773656,0.8476785624418108,0.6937394247038917,0.7347670250896058,0.657051282051282,0.823834495758309,0.1327659574468085,5.539600727634005,0.5055685997654022,0.8449030975482998,0.40865384615384615,0.3648068669527897,0.4644808743169399,0.823834495758309,0.07790549169859515,6.489511698628032
1,ruido,500,2000,500,2500,0.81,100,50.6,0.734290950639288,0.8582556427870461,0.700507614213198,0.7419354838709677,0.6634615384615384,0.9270527247050229,0.1327659574468085,5.530717096161304,0.5113061801362296,0.8419311868973556,0.4213075060532688,0.3782608695652174,0.47540983606557374,0.9270527247050229,0.07790549169859515,6.563159656502751
1,gaussiano,500,250,500,750,0.36666666666666664,100,25.8,0.7283262109737052,0.8758146498578294,0.7060998151571165,0.834061135371179,0.6121794871794872,0.0849431765918469,0.1327659574468085,5.48579037111605,0.49891480011189365,0.8088693116166892,0.4171779141104294,0.4755244755244755,0.37158469945355194,0.0849431765918469,0.07790549169859515,6.404103089960865
1,gaussiano,500,500,500,1000,0.525,100,29.6,0.712374843683778,0.8793303829797942,0.6969147005444646,0.803347280334728,0.6153846153846154,0.6982443465830899,0.1327659574468085,5.365643854669482,0.4632382450553582,0.8172703833209713,0.35967302452316074,0.358695652173913,0.36065573770491804,0.6982443465830899,0.07790549169859515,5.946156489808942
1,gaussiano,500,1000,500,1500,0.6833333333333333,100,34.4,0.7376176546439449,0.8823287033542185,0.6969147005444646,0.803347280334728,0.6153846153846154,0.1194924267744567,0.1327659574468085,5.555774001324585,0.4154857167274998,0.7355554546417814,0.3341902313624679,0.3155339805825243,0.3551912568306011,0.1194924267744567,0.07790549169859515,5.3332019048792185
1,gaussiano,500,2000,500,2500,0.81,100,45.5,0.7364357946764428,0.9023851312246798,0.7078039927404719,0.8158995815899581,0.625,0.19090571217927604,0.1327659574468085,5.546872171441157,0.47858713057521673,0.7958287291423841,0.39436619718309857,0.4069767441860465,0.3825136612021858,0.19090571217927604,0.07790549169859515,6.143175790826143
1,student_t,500,250,500,750,0.36666666666666664,100,26.6,0.7084891329440723,0.8587872096826955,0.6728280961182994,0.7947598253275109,0.5833333333333334,0.7380955243912063,0.1327659574468085,5.3363764821108015,0.4711970301260111,0.7757014768730858,0.41830065359477125,0.5203252032520326,0.34972677595628415,0.7380955243912063,0.07790549169859515,6.048315976863388
1,student_t,500,500,500,1000,0.525,100,29.7,0.7134652159927918,0.8557330590573966,0.7088122605363985,0.8809523809523809,0.592948717948718,0.6223775812317346,0.1327659574468085,5.373856594817503,0.4852254367915841,0.7743618465202406,0.4161490683229814,0.48201438848920863,0.366120218579235,0.6223775812317346,0.07790549169859515,6.2283855247182025
1,student_t,500,1000,500,1500,0.6833333333333333,100,34.2,0.7164931323350774,0.8501248710399839,0.6892430278884463,0.9105263157894737,0.5544871794871795,0.9205798369495807,0.1327659574468085,5.396663015985359,0.505232086078119,0.8379526613485108,0.42207792207792205,0.52,0.3551912568306011,0.9205798369495807,0.07790549169859515,6.4851921868715925
1,student_t,500,2000,500,2500,0.81,100,45.5,0.712081749000089,0.8517573161218892,0.7142857142857143,0.8636363636363636,0.6089743589743589,0.8978216144387465,0.1327659574468085,5.36343625048144,0.47308253731213357,0.7780931333222327,0.3804034582132565,0.4024390243902439,0.36065573770491804,0.8978216144387465,0.07790549169859515,6.072518470744272
1,vae,500,250,500,750,0.36666666666666664,100,26.4,0.6682754859322068,0.822195591454669,0.6559714795008913,0.7389558232931727,0.5897435897435898,0.31259751012094916,0.1327659574468085,5.033485230579122,0.44836583775932837,0.7553219401682234,0.3615819209039548,0.3742690058479532,0.34972677595628415,0.31259751012094916,0.07790549169859515,5.7552532945172805
1,vae,500,500,500,1000,0.525,100,28.7,0.69204752292008,0.879393290304723,0.6636363636363637,0.6293103448275862,0.7019230769230769,0.5371005831886745,0.1327659574468085,5.212537432250603,0.4384189683745412,0.7639475450201575,0.27346938775510204,0.2182410423452769,0.366120218579235,0.5371005831886745,0.07790549169859515,5.627574626840422
1,vae,500,1000,500,1500,0.6833333333333333,100,35.2,0.6908926293949527,0.8541753164238444,0.6728280961182994,0.7947598253275109,0.5833333333333334,0.6459330027564233,0.1327659574468085,5.203838714994035,0.44252252713809465,0.7603537532355479,0.3870967741935484,0.4177215189873418,0.36065573770491804,0.6459330027564233,0.07790549169859515,5.680248176215215
1,vae,500,2000,500,2500,0.81,100,45.4,0.6864552588591684,0.8407005674240707,0.6809269162210339,0.7670682730923695,0.6121794871794872,0.749070633658842,0.1327659574468085,5.170416212561045,0.4392649494710754,0.7459798475192871,0.3157894736842105,0.28085106382978725,0.36065573770491804,0.749070633658842,0.07790549169859515,5.638433695669706
1,gan,500,250,500,750,0.36666666666666664,100,27.4,0.6794755809141632,0.8410190357565235,0.65234375,0.835,0.5352564102564102,0.09767282517892979,0.1327659574468085,5.117844920347062,0.5106931912364758,0.797660314144579,0.4246153846153846,0.4859154929577465,0.3770491803278688,0.09767282517892979,0.07790549169859515,6.555291290789517
1,gan,500,500,500,1000,0.525,100,30.7,0.6892707832475606,0.8430462243023578,0.6743295019157088,0.8380952380952381,0.5641025641025641,0.18531118849971728,0.1327659574468085,5.191622886640281,0.5133106626981837,0.8036646837110031,0.4485981308411215,0.5217391304347826,0.39344262295081966,0.18531118849971728,0.07790549169859515,6.588889326109473
1,gan,500,1000,500,1500,0.6833333333333333,100,35.2,0.6798556741476802,0.8333506328476888,0.6642468239564429,0.7656903765690377,0.5865384615384616,0.08512056397477616,0.1327659574468085,5.120707802073874,0.5000623381106694,0.8006044735076113,0.40105540897097625,0.3877551020408163,0.41530054644808745,0.08512056397477616,0.07790549169859515,6.418832962961543
1,gan,500,2000,500,2500,0.81,100,46.1,0.6712359580010285,0.8015494074129992,0.6796875,0.87,0.5576923076923077,0.09664867897600937,0.1327659574468085,5.055783658020568,0.505695172307855,0.798558446735187,0.438871473354232,0.5147058823529411,0.3825136612021858,0.09664867897600937,0.07790549169859515,6.491136392082795
1,autoregresivo,500,250,500,750,0.36666666666666664,100,26.9,0.37899796455269724,0.5561526509146726,0.40189125295508277,0.7657657657657657,0.2724358974358974,0.0757261939689908,0.1327659574468085,2.85463210480397,0.12385146208945609,0.4557417414690018,0.20754716981132076,0.24444444444444444,0.18032786885245902,0.0757261939689908,0.07790549169859515,1.5897654887876085
1,autoregresivo,500,500,500,1000,0.525,100,29.4,0.7058330992229908,0.8450364547947963,0.6973180076628352,0.8666666666666667,0.5833333333333334,0.5817627798599355,0.1327659574468085,5.316371099916758,0.46372983402683016,0.7586546175620241,0.38095238095238093,0.41830065359477125,0.34972677595628415,0.5817627798599355,0.07790549169859515,5.952466558082098
1,autoregresivo,500,1000,500,1500,0.6833333333333333,100,36.2,0.7144489129130378,0.8409254611106916,0.7133333333333334,0.7430555555555556,0.6858974358974359,0.6875315686935136,0.1327659574468085,5.381265850466792,0.45759386123540213,0.7513699044851128,0.3311546840958606,0.2753623188405797,0.41530054644808745,0.6875315686935136,0.07790549169859515,5.873704808972457
1,autoregresivo,500,2000,500,2500,0.81,100,45.2,0.6975665537985056,0.8250295664427165,0.696875,0.6798780487804879,0.7147435897435898,0.8546249498830123,0.1327659574468085,5.25410705585413,0.44857475885393233,0.7517420240275696,0.2987551867219917,0.2408026755852843,0.39344262295081966,0.8546249498830123,0.07790549169859515,5.757935019387361
1,factor_mercado,500,250,500,750,0.36666666666666664,100,26.4,0.7313935192463109,0.8696387232329332,0.7218045112781954,0.8727272727272727,0.6153846153846154,0.18231766247223427,0.1327659574468085,5.508893494323176,0.5003637829875752,0.8303286257057657,0.45791245791245794,0.5964912280701754,0.37158469945355194,0.18231766247223427,0.07790549169859515,6.422702329168383
1,factor_mercado,500,500,500,1000,0.525,100,29.7,0.737433620109146,0.9035386942955639,0.7114337568058077,0.8200836820083682,0.6282051282051282,0.42066650566809305,0.1327659574468085,5.5543878437708125,0.4357464352842295,0.647488003875089,0.4133738601823708,0.4657534246575342,0.37158469945355194,0.42066650566809305,0.07790549169859515,5.59326981684511
1,factor_mercado,500,1000,500,1500,0.6833333333333333,100,34.5,0.715072418592178,0.8850722490626808,0.6951871657754011,0.7831325301204819,0.625,0.5646947204926435,0.1327659574468085,5.385962127216725,0.4232434692364821,0.5955729127247223,0.37362637362637363,0.3756906077348066,0.37158469945355194,0.5646947204926435,0.07790549169859515,5.432780924789598
1,factor_mercado,500,2000,500,2500,0.81,100,44.9,0.7170698858790877,0.881186935406759,0.7078039927404719,0.8158995815899581,0.625,0.6038700879872346,0.1327659574468085,5.40100715325595,0.4518083414754997,0.7443576585986105,0.4133738601823708,0.4657534246575342,0.37158469945355194,0.6038700879872346,0.07790549169859515,5.799441497956004
1,sin_sinteticos,1000,0,1000,1000,0.05,100,30.3,0.7310385935327154,0.8735578495760047,0.7024029574861368,0.8296943231441049,0.6089743589743589,0.031703195823215624,0.1327659574468085,5.506220175647056,0.4686507462711536,0.7742155215476137,0.4177215189873418,0.49624060150375937,0.36065573770491804,0.031703195823215624,0.07790549169859515,6.015631710333005
1,ruido,1000,250,1000,1250,0.24,100,31.2,0.7276917629011822,0.8705351526131703,0.71875,0.92,0.5897435897435898,0.445809605045479,0.1327659574468085,5.481011675698007,0.49513635820210605,0.8144851631523444,0.4359861591695502,0.5943396226415094,0.3442622950819672,0.445809605045479,0.07790549169859515,6.3556027618401485
1,ruido,1000,500,1000,1500,0.36666666666666664,100,35.3,0.7342907742205123,0.8691103017035304,0.70703125,0.905,0.5801282051282052,0.5854570538030954,0.1327659574468085,5.530715767366038,0.5148418919604705,0.847847256911332,0.4482758620689655,0.6074766355140186,0.3551912568306011,0.5854570538030954,0.07790549169859515,6.608544285328662
1,ruido,1000,1000,1000,2000,0.525,100,41.0,0.7374906041181074,0.8425547608263506,0.7,0.7045454545454546,0.6955128205128205,0.5109768906441056,0.1327659574468085,5.554817050248566,0.4852737001989494,0.75267926070569,0.3936651583710407,0.3359073359073359,0.47540983606557374,0.5109768906441056,0.07790549169859515,6.229005036979957
1,ruido,1000,2000,1000,3000,0.6833333333333333,100,50.3,0.7351157095007358,0.8539244734656904,0.6972111553784861,0.9210526315789473,0.5608974358974359,0.9626090294172782,0.1327659574468085,5.5369292222010555,0.5129403724337873,0.8352935833976659,0.43564356435643564,0.55,0.36065573770491804,0.9626090294172782,0.07790549169859515,6.584136255994352
1,gaussiano,1000,250,1000,1250,0.24,100,33.0,0.714024512901175,0.8651424221836391,0.6702317290552585,0.7550200803212851,0.6025641025641025,0.08356403874411812,0.1327659574468085,5.378069247813338,0.4738424820479329,0.7826670501390087,0.4200626959247649,0.49264705882352944,0.366120218579235,0.08356403874411812,0.07790549169859515,6.082273171205434
1,gaussiano,1000,500,1000,1500,0.36666666666666664,100,32.7,0.7420705232282165,0.878669069726479,0.7180451127819549,0.8681818181818182,0.6121794871794872,0.151677605136353,0.1327659574468085,5.589313235853554,0.513415264973575,0.8359596143075549,0.42105263157894735,0.4528301886792453,0.39344262295081966,0.151677605136353,0.07790549169859515,6.590232007775562
1,gaussiano,1000,1000,1000,2000,0.525,100,38.8,0.7226686148771273,0.8485631966986236,0.6772908366533864,0.8947368421052632,0.5448717948717948,0.051297045918572585,0.1327659574468085,5.443177067183491,0.4905713870320207,0.7515490264343632,0.47896440129449835,0.5873015873015873,0.40437158469945356,0.051297045918572585,0.07790549169859515,6.297006492558561
1,gaussiano,1000,2000,1000,3000,0.6833333333333333,100,49.0,0.7353011088536362,0.8804666465363227,0.7208872458410351,0.851528384279476,0.625,0.09428886431956458,0.1327659574468085,5.5383256596347605,0.4902860936054576,0.7944588246572715,0.4281524926686217,0.4620253164556962,0.3989071038251366,0.09428886431956458,0.07790549169859515,6.293344447427431
1,student_t,1000,250,1000,1250,0.24,100,32.6,0.6898177114044314,0.8531459953196949,0.6879699248120301,0.8318181818181818,0.5865384615384616,0.17627005768586118,0.1327659574468085,5.195742377565429,0.3970811756679742,0.747993077315088,0.37681159420289856,0.5591397849462365,0.28415300546448086,0.17627005768586118,0.07790549169859515,5.096960008983997
1,student_t,1000,500,1000,1500,0.36666666666666664,100,34.5,0.709260530637776,0.8539024559019652,0.7088122605363985,0.8809523809523809,0.592948717948718,0.6767113000855728,0.1327659574468085,5.342186689098634,0.46452305924050785,0.7755501062117474,0.419672131147541,0.5245901639344263,0.34972677595628415,0.6767113000855728,0.07790549169859515,5.962648448939634
1,student_t,1000,1000,1000,2000,0.525,100,40.0,0.7146638180059426,0.8601758888805011,0.6896551724137931,0.8571428571428571,0.5769230769230769,0.8263161657417523,0.1327659574468085,5.382884526647325,0.5020128344028594,0.8357754466695931,0.4125,0.48175182481751827,0.36065573770491804,0.8263161657417523,0.07790549169859515,6.44386966126949
1,student_t,1000,2000,1000,3000,0.6833333333333333,100,49.8,0.714792810917775,0.8500839812787802,0.6781609195402298,0.8428571428571429,0.5673076923076923,0.900940527291859,0.1327659574468085,5.3838561078742675,0.501909900577639,0.8285525432793949,0.41139240506329117,0.48872180451127817,0.3551912568306011,0.900940527291859,0.07790549169859515,6.442548395939202
1,vae,1000,250,1000,1250,0.24,100,31.8,0.6762659237773437,0.8354423014015753,0.6352087114337568,0.7322175732217573,0.5608974358974359,0.06701723974104187,0.1327659574468085,5.093669618194737,0.4623301164983116,0.7657690386449298,0.3815028901734104,0.4049079754601227,0.36065573770491804,0.06701723974104187,0.07790549169859515,5.934499692101279
1,vae,1000,500,1000,1500,0.36666666666666664,100,34.8,0.663316023254575,0.8263883646611812,0.6531302876480541,0.6917562724014337,0.6185897435897436,0.13369719820776405,0.1327659574468085,4.99613030335978,0.4476084015802434,0.7597217807244601,0.3233256351039261,0.28,0.3825136612021858,0.13369719820776405,0.07790549169859515,5.745530794054599
1,vae,1000,1000,1000,2000,0.525,100,37.4,0.6883511976680757,0.876993375858685,0.6636363636363637,0.6293103448275862,0.7019230769230769,0.5513182138274698,0.1327659574468085,5.184696520897366,0.4343477427650396,0.7761618959679901,0.25287356321839083,0.19469026548672566,0.36065573770491804,0.5513182138274698,0.07790549169859515,5.575316107951246
1,vae,1000,2000,1000,3000,0.6833333333333333,100,46.9,0.65930240656079,0.8192436652323796,0.6666666666666666,0.660377358490566,0.6730769230769231,0.7111669717085463,0.1327659574468085,4.965899536595694,0.4226018727013142,0.733733961017009,0.2397003745318352,0.18233618233618235,0.34972677595628415,0.7111669717085463,0.07790549169859515,5.424545349592279
1,gan,1000,250,1000,1250,0.24,100,31.8,0.7097091002540088,0.851899643944541,0.6896551724137931,0.8571428571428571,0.5769230769230769,0.028704533820204915,0.1327659574468085,5.345565338451669,0.49407306575714993,0.793901276054675,0.40668523676880225,0.4147727272727273,0.3989071038251366,0.028704533820204915,0.07790549169859515,6.341954270292597
1,gan,1000,500,1000,1500,0.36666666666666664,100,34.0,0.7204711837037016,0.8584711003749276,0.6842105263157895,0.8272727272727273,0.5833333333333334,0.16393236627611293,0.1327659574468085,5.426625902896471,0.5189868159412337,0.8062228478876226,0.43804034582132567,0.4634146341463415,0.41530054644808745,0.16393236627611293,0.07790549169859515,6.661748801344033
1,gan,1000,1000,1000,2000,0.525,100,40.2,0.7210316815192402,0.8684198938124355,0.6916221033868093,0.7791164658634538,0.6217948717948718,0.11241631770196582,0.1327659574468085,5.430847601186586,0.5047939534868572,0.8096589619000045,0.4088397790055249,0.4134078212290503,0.40437158469945356,0.11241631770196582,0.07790549169859515,6.47956828820015
1,gan,1000,2000,1000,3000,0.6833333333333333,100,50.3,0.7143987815606955,0.8340331773231675,0.6830122591943958,0.752895752895753,0.625,0.051254214358085595,0.1327659574468085,5.380888258550111,0.5310241525880792,0.824490763866814,0.45272206303724927,0.4759036144578313,0.43169398907103823,0.051254214358085595,0.07790549169859515,6.816260843876492
1,autoregresivo,1000,250,1000,1250,0.24,100,33.6,0.5044424508996844,0.7487591530157771,0.46362098138747887,0.4910394265232975,0.4391025641025641,0.2513795255703084,0.1327659574468085,3.7994864090200595,0.3251476858668626,0.7214123891840617,0.31223628691983124,0.2542955326460481,0.40437158469945356,0.2513795255703084,0.07790549169859515,4.1736170169467774
1,autoregresivo,1000,500,1000,1500,0.36666666666666664,100,34.5,0.4502681019518334,0.7201064391937797,0.42911877394636017,0.5333333333333333,0.358974358974359,0.24497423437588361,0.1327659574468085,3.3914424345731047,0.24827247504573993,0.6849345826458583,0.24864864864864866,0.24598930481283424,0.25136612021857924,0.24497423437588361,0.07790549169859515,3.186841769849416
1,autoregresivo,1000,1000,1000,2000,0.525,100,38.6,0.7152380909655655,0.8633959575753001,0.7049808429118773,0.8761904761904762,0.5897435897435898,0.6221438182311901,0.1327659574468085,5.387209980029099,0.4568520611521218,0.7607372255776053,0.40498442367601245,0.47101449275362317,0.3551912568306011,0.6221438182311901,0.07790549169859515,5.864183014460842
1,autoregresivo,1000,2000,1000,3000,0.6833333333333333,100,49.0,0.6947724239995561,0.8270347374248257,0.6917293233082706,0.8363636363636363,0.5897435897435898,0.7722216147174356,0.1327659574468085,5.233061526919734,0.44363763656165006,0.744773927917291,0.3298429319371728,0.3165829145728643,0.3442622950819672,0.7722216147174356,0.07790549169859515,5.694561793897901
1,factor_mercado,1000,250,1000,1250,0.24,100,32.7,0.7410621941232375,0.895435444503158,0.7218045112781954,0.8727272727272727,0.6153846153846154,0.06728277274102229,0.1327659574468085,5.581718449325668,0.4887626831623621,0.8181483331567342,0.46689895470383275,0.6442307692307693,0.366120218579235,0.06728277274102229,0.07790549169859515,6.27378985108409
1,factor_mercado,1000,500,1000,1500,0.36666666666666664,100,34.2,0.7410951024662035,0.8998940011574948,0.6969147005444646,0.803347280334728,0.6153846153846154,0.08509985745954914,0.1327659574468085,5.581966316652495,0.45832780019783814,0.7281206323257094,0.43450479233226835,0.5230769230769231,0.37158469945355194,0.08509985745954914,0.07790549169859515,5.883125697621431
1,factor_mercado,1000,1000,1000,2000,0.525,100,37.5,0.7317144622859879,0.8869854180820815,0.6969147005444646,0.803347280334728,0.6153846153846154,0.09478701748642598,0.1327659574468085,5.51131085375664,0.46558053832774277,0.7628299249706088,0.4394904458598726,0.5267175572519084,0.3770491803278688,0.09478701748642598,0.07790549169859515,5.976222319846272
1,factor_mercado,1000,2000,1000,3000,0.6833333333333333,100,47.3,0.7251560161075957,0.8948331068669636,0.7150635208711433,0.8242677824267782,0.6314102564102564,0.13911371304207482,0.1327659574468085,5.461912300810417,0.43055484099083463,0.6163132161724415,0.39882697947214074,0.43037974683544306,0.37158469945355194,0.13911371304207482,0.07790549169859515,5.5266301720626805
1,sin_sinteticos,2000,0,2000,2000,0.05,100,37.9,0.7157267928410039,0.8670390780302458,0.6712564543889845,0.724907063197026,0.625,0.14365184783334498,0.1327659574468085,5.390890907616536,0.48410493424573425,0.8087103724222838,0.39634146341463417,0.4482758620689655,0.3551912568306011,0.14365184783334498,0.07790549169859515,6.214002680564097
1,ruido,2000,250,2000,2250,0.15555555555555556,100,42.0,0.7194807052205121,0.8717445459349286,0.6879699248120301,0.8318181818181818,0.5865384615384616,0.4184772466796789,0.1327659574468085,5.419165568167319,0.503737147537699,0.8228660521017815,0.43137254901960786,0.5365853658536586,0.36065573770491804,0.4184772466796789,0.07790549169859515,6.466003057738006
1,ruido,2000,500,2000,2500,0.24,100,43.7,0.7261622272946623,0.8684324752774213,0.706766917293233,0.8545454545454545,0.6025641025641025,0.43554628762452713,0.1327659574468085,5.469491135071976,0.472437239400973,0.7949028452638642,0.4065573770491803,0.5081967213114754,0.33879781420765026,0.43554628762452713,0.07790549169859515,6.064235384441997
1,ruido,2000,1000,2000,3000,0.36666666666666664,100,50.5,0.7323876420259081,0.8710195390151227,0.69921875,0.895,0.5737179487179487,0.5770388832222514,0.1327659574468085,5.516381278079757,0.5132909246731409,0.8345039331143504,0.42524916943521596,0.5423728813559322,0.34972677595628415,0.5770388832222514,0.07790549169859515,6.588635967525726
1,ruido,2000,2000,2000,4000,0.525,100,65.7,0.7426422934513321,0.8725277421302936,0.6935201401050788,0.7644787644787645,0.6346153846153846,0.9243177310118157,0.1327659574468085,5.593619838495611,0.5550781299118932,0.8715569481656399,0.4744897959183674,0.4449760765550239,0.5081967213114754,0.9243177310118157,0.07790549169859515,7.125019274114957
1,gaussiano,2000,250,2000,2250,0.15555555555555556,100,41.5,0.6993864984563398,0.8713309302735212,0.6533864541832669,0.8631578947368421,0.5256410256410257,0.30745800172581383,0.1327659574468085,5.2678149723474315,0.4987933131562281,0.8075473411743336,0.45901639344262296,0.5737704918032787,0.3825136612021858,0.30745800172581383,0.07790549169859515,6.402543675431583
1,gaussiano,2000,500,2000,2500,0.24,100,45.6,0.7266151387964775,0.8755252761631563,0.6733067729083665,0.8894736842105263,0.5416666666666666,0.3190402332975079,0.1327659574468085,5.472902487729879,0.5072238812466323,0.8126661923719277,0.43125,0.5036496350364964,0.3770491803278688,0.3190402332975079,0.07790549169859515,6.510759000264149
1,gaussiano,2000,1000,2000,3000,0.36666666666666664,100,51.9,0.7388346757810665,0.8746319921491659,0.7088122605363985,0.8809523809523809,0.592948717948718,0.12034201616662417,0.1327659574468085,5.564940666940726,0.50449418493011,0.8121616235007997,0.4059701492537313,0.4473684210526316,0.37158469945355194,0.12034201616662417,0.07790549169859515,6.475720439348789
1,gaussiano,2000,2000,2000,4000,0.525,100,64.6,0.7338982244212403,0.8870011449133137,0.7030075187969925,0.85,0.5993589743589743,0.142958872130313,0.1327659574468085,5.5277590621471635,0.5096882983245221,0.829175685835238,0.4340175953079179,0.46835443037974683,0.40437158469945356,0.142958872130313,0.07790549169859515,6.542392419477062
1,student_t,2000,250,2000,2250,0.15555555555555556,100,44.2,0.668358822088317,0.8410725069827131,0.6613545816733067,0.8736842105263158,0.532051282051282,0.25987520633625383,0.1327659574468085,5.034112922780593,0.37264455949536934,0.7286075412863479,0.37815126050420167,0.8181818181818182,0.2459016393442623,0.25987520633625383,0.07790549169859515,4.78329000139138
1,student_t,2000,500,2000,2500,0.24,100,48.4,0.6894025271274016,0.8512949472836616,0.6879699248120301,0.8318181818181818,0.5865384615384616,0.3206345420923054,0.1327659574468085,5.19261518829934,0.4063056656122305,0.7564710957722174,0.39245283018867927,0.6341463414634146,0.28415300546448086,0.3206345420923054,0.07790549169859515,5.215366166793057
1,student_t,2000,1000,2000,3000,0.36666666666666664,100,52.2,0.6978691915869368,0.8528267406456809,0.6595365418894831,0.7429718875502008,0.592948717948718,0.39267619453808844,0.1327659574468085,5.2563865391964795,0.4399370102406091,0.7620705488195612,0.3719512195121951,0.4206896551724138,0.3333333333333333,0.39267619453808844,0.07790549169859515,5.647060311776999
1,student_t,2000,2000,2000,4000,0.525,100,60.5,0.6996770293992087,0.850090272011273,0.6654343807763401,0.7860262008733624,0.5769230769230769,0.45539935636520384,0.1327659574468085,5.2700032663081435,0.4826965577906896,0.8155876461357595,0.41721854304635764,0.5294117647058824,0.3442622950819672,0.45539935636520384,0.07790549169859515,6.195924668034589
1,vae,2000,250,2000,2250,0.15555555555555556,100,42.7,0.6645409463717887,0.8399181575702674,0.63671875,0.815,0.5224358974358975,0.24490259665739136,0.1327659574468085,5.005356487095204,0.42911446225086597,0.7590633183476377,0.4043321299638989,0.5957446808510638,0.30601092896174864,0.24490259665739136,0.07790549169859515,5.508141376105378
1,vae,2000,500,2000,2500,0.24,100,42.5,0.656335559366827,0.8326838152034421,0.6374501992031872,0.8421052631578947,0.5128205128205128,0.04928145937684201,0.1327659574468085,4.9435530913847545,0.4290230175722854,0.7530690401586364,0.4072727272727273,0.6086956521739131,0.30601092896174864,0.04928145937684201,0.07790549169859515,5.506967586214746
1,vae,2000,1000,2000,3000,0.36666666666666664,100,47.3,0.651787226077611,0.8147709544299337,0.6631016042780749,0.7469879518072289,0.5961538461538461,0.2730975081374666,0.1327659574468085,4.9092948118025195,0.41191631932882666,0.7429902769578534,0.35014836795252224,0.38311688311688313,0.3224043715846995,0.2730975081374666,0.07790549169859515,5.287384885811004
1,vae,2000,2000,2000,4000,0.525,100,57.5,0.6457805009154819,0.8202659092624746,0.6025878003696857,0.7117903930131004,0.5224358974358975,0.027666601956454134,0.1327659574468085,4.864051849844175,0.5047169245767201,0.8005590623092098,0.31029986962190353,0.20376712328767124,0.6502732240437158,0.027666601956454134,0.07790549169859515,6.478579540058555
1,gan,2000,250,2000,2250,0.15555555555555556,100,42.6,0.7222399793079908,0.8588060818801742,0.7075306479859895,0.7799227799227799,0.6474358974358975,0.13119471762586044,0.1327659574468085,5.439948562095444,0.4403384776489755,0.7707768846908758,0.3112033195020747,0.2508361204013378,0.4098360655737705,0.13119471762586044,0.07790549169859515,5.652213573756521
1,gan,2000,500,2000,2500,0.24,100,44.1,0.7244593251825538,0.8629768375229612,0.6781609195402298,0.8428571428571429,0.5673076923076923,0.05246097614879127,0.1327659574468085,5.456664789035262,0.4999333105433303,0.7848770617945497,0.4322766570605187,0.4573170731707317,0.4098360655737705,0.05246097614879127,0.07790549169859515,6.417176756646354
1,gan,2000,1000,2000,3000,0.36666666666666664,100,49.8,0.7235623333500943,0.8642184708487457,0.6728280961182994,0.7947598253275109,0.5833333333333334,0.1054699477480738,0.1327659574468085,5.449908600553596,0.5129606859179956,0.8118437451119891,0.4573002754820937,0.46111111111111114,0.453551912568306,0.1054699477480738,0.07790549169859515,6.584397001209681
1,gan,2000,2000,2000,4000,0.525,100,60.8,0.7266890298270754,0.8610330011826577,0.6795096322241682,0.749034749034749,0.6217948717948718,0.09868747112580709,0.1327659574468085,5.473459038761626,0.5263090230130646,0.8299300162975747,0.45918367346938777,0.430622009569378,0.4918032786885246,0.09868747112580709,0.07790549169859515,6.75573713146278
1,autoregresivo,2000,250,2000,2250,0.15555555555555556,100,42.4,0.600629216959832,0.7952429480888754,0.59765625,0.765,0.49038461538461536,0.295759311038907,0.1327659574468085,4.52397006363976,0.33183368667069774,0.6998521613207594,0.27467811158798283,0.22614840989399293,0.34972677595628415,0.295759311038907,0.07790549169859515,4.259438961691087
1,autoregresivo,2000,500,2000,2500,0.24,100,45.2,0.5168269878724173,0.7594502528874462,0.4906937394247039,0.5197132616487455,0.46474358974358976,0.24121205964772133,0.1327659574468085,3.892767376603144,0.35506816998394497,0.7391227565606568,0.3292181069958848,0.264026402640264,0.4371584699453552,0.24121205964772133,0.07790549169859515,4.557678313072605
1,autoregresivo,2000,1000,2000,3000,0.36666666666666664,100,50.9,0.4670650358802739,0.7374987418535014,0.41134751773049644,0.7837837837837838,0.27884615384615385,0.6734694445153245,0.1327659574468085,3.5179578023033455,0.1274826654371059,0.5725368209133705,0.07947019867549669,0.10084033613445378,0.06557377049180328,0.6734694445153245,0.07790549169859515,1.6363758530697363
1,autoregresivo,2000,2000,2000,4000,0.525,100,63.1,0.722170922001128,0.865765991041997,0.7164750957854407,0.8904761904761904,0.5993589743589743,0.6371266317507802,0.1327659574468085,5.439428418918753,0.46454881744996257,0.7620036934441368,0.3626373626373626,0.36464088397790057,0.36065573770491804,0.6371266317507802,0.07790549169859515,5.962979083005258
1,factor_mercado,2000,250,2000,2250,0.15555555555555556,100,43.6,0.7303668032511237,0.8737638710651467,0.70703125,0.905,0.5801282051282052,0.4813144929942465,0.1327659574468085,5.5011602167953235,0.504678762193028,0.8159812098552393,0.4234527687296417,0.5241935483870968,0.3551912568306011,0.4813144929942465,0.07790549169859515,6.4780896851990315
1,factor_mercado,2000,500,2000,2500,0.24,100,45.8,0.7524242030928304,0.8913527591152712,0.7282809611829945,0.8602620087336245,0.6314102564102564,0.0762064410130015,0.1327659574468085,5.6672976835517686,0.5110514053679254,0.834514024491773,0.45695364238410596,0.5798319327731093,0.3770491803278688,0.0762064410130015,0.07790549169859515,6.559889350870255
1,factor_mercado,2000,1000,2000,3000,0.36666666666666664,100,50.2,0.7551199281284984,0.8954495986512669,0.6987522281639929,0.7871485943775101,0.6282051282051282,0.05984813718447667,0.1327659574468085,5.687602022762729,0.5055861070920125,0.8228559607243591,0.4591194968553459,0.5407407407407407,0.3989071038251366,0.05984813718447667,0.07790549169859515,6.489736423820422
1,factor_mercado,2000,2000,2000,4000,0.525,100,61.3,0.7296570829920247,0.873225227095443,0.7250437828371279,0.7992277992277992,0.6634615384615384,0.16481408573474263,0.1327659574468085,5.495814567407879,0.4871317620290671,0.8139074317949029,0.4059701492537313,0.4473684210526316,0.37158469945355194,0.16481408573474263,0.07790549169859515,6.252855240471468
1,sin_sinteticos,4000,0,4000,4000,0.05,100,63.5,0.7321393293754104,0.88373468206638,0.6725043782837128,0.7413127413127413,0.6153846153846154,0.1211041206990471,0.1327659574468085,5.514510974462226,0.5362981471720737,0.8552492822507808,0.4397590361445783,0.4899328859060403,0.3989071038251366,0.1211041206990471,0.07790549169859515,6.883958184192355
1,ruido,4000,250,4000,4250,0.10588235294117647,100,65.3,0.703047329960046,0.8727620719156538,0.6452762923351159,0.7269076305220884,0.5801282051282052,0.23236888096237387,0.1327659574468085,5.295388542968296,0.5269974308662794,0.8445347622723763,0.4430769230769231,0.5070422535211268,0.39344262295081966,0.23236888096237387,0.07790549169859515,6.764573579808143
1,ruido,4000,500,4000,4500,0.15555555555555556,100,68.6,0.7018001642353685,0.8626166930877431,0.6766917293233082,0.8181818181818182,0.5769230769230769,0.2529081860242277,0.1327659574468085,5.285994826772808,0.44541949344536036,0.7882147848770618,0.39057239057239057,0.5087719298245614,0.31693989071038253,0.2529081860242277,0.07790549169859515,5.717433825700281
1,ruido,4000,1000,4000,5000,0.24,100,71.8,0.7145164824139363,0.8701215369517626,0.6617375231053605,0.7816593886462883,0.5737179487179487,0.6460049097097218,0.1327659574468085,5.381774787412661,0.5358424180290732,0.8487983692334086,0.45768025078369906,0.5367647058823529,0.3989071038251366,0.6460049097097218,0.07790549169859515,6.8781084150289225
1,ruido,4000,2000,4000,6000,0.36666666666666664,100,82.8,0.7419327292456349,0.8776955788732039,0.69,0.71875,0.6634615384615384,0.3701138949569535,0.1327659574468085,5.588275364510392,0.5562047578817536,0.8810125688105799,0.4666666666666667,0.4396135265700483,0.4972677595628415,0.3701138949569535,0.07790549169859515,7.139480744613329
1,gaussiano,4000,250,4000,4250,0.10588235294117647,100,63.7,0.7149685832211798,0.8749056390126067,0.6551724137931034,0.8142857142857143,0.5480769230769231,0.1306420404350057,0.1327659574468085,5.385180033877477,0.5022264287018756,0.8082638289713355,0.4329268292682927,0.4896551724137931,0.3879781420765027,0.1306420404350057,0.07790549169859515,6.446611371697846
1,gaussiano,4000,500,4000,4500,0.15555555555555556,100,71.1,0.7169240955277875,0.8726095216527011,0.6551724137931034,0.8142857142857143,0.5480769230769231,0.04530745584955987,0.1327659574468085,5.399909052853528,0.5017009542482618,0.8051582075695422,0.43636363636363634,0.4897959183673469,0.39344262295081966,0.04530745584955987,0.07790549169859515,6.4398663471539175
1,gaussiano,4000,1000,4000,5000,0.24,100,71.6,0.7304734658218034,0.8729492212073174,0.6950092421441775,0.8209606986899564,0.6025641025641025,0.15840310177883177,0.1327659574468085,5.501963604747558,0.49439161687108385,0.806800579245064,0.40615384615384614,0.4647887323943662,0.36065573770491804,0.15840310177883177,0.07790549169859515,6.34604321327965
1,gaussiano,4000,2000,4000,6000,0.36666666666666664,100,80.3,0.733273796552632,0.8883410709342995,0.7255639097744361,0.8772727272727273,0.6185897435897436,0.03969604813767718,0.1327659574468085,5.523055839418864,0.49571993625024674,0.8128730656090903,0.4108761329305136,0.4594594594594595,0.37158469945355194,0.03969604813767718,0.07790549169859515,6.363093607933495
1,student_t,4000,250,4000,4250,0.10588235294117647,100,62.5,0.6791990337999253,0.8526270098890316,0.6666666666666666,0.8285714285714286,0.5576923076923077,0.12267528339694529,0.1327659574468085,5.11576195330072,0.4394265230644016,0.7678604766157555,0.4534412955465587,0.875,0.30601092896174864,0.12267528339694529,0.07790549169859515,5.640507664908631
1,student_t,4000,500,4000,4500,0.15555555555555556,100,66.9,0.6658278388948585,0.8438750283082962,0.6484375,0.83,0.532051282051282,0.2347946136757857,0.1327659574468085,5.015049427573454,0.3908333255230212,0.7446452628551533,0.39357429718875503,0.7424242424242424,0.2677595628415301,0.2347946136757857,0.07790549169859515,5.016762194828289
1,student_t,4000,1000,4000,5000,0.24,100,70.2,0.6890368774544686,0.8531381319040791,0.6842105263157895,0.8272727272727273,0.5833333333333334,0.1738649414400845,0.1327659574468085,5.189861096211543,0.40756377074932293,0.756782667050139,0.39114391143911437,0.6022727272727273,0.2896174863387978,0.1738649414400845,0.07790549169859515,5.231515286831473
1,student_t,4000,2000,4000,6000,0.36666666666666664,100,83.0,0.6564737678774281,0.8285696761530913,0.6016597510373444,0.8529411764705882,0.46474358974358976,0.5471272772209987,0.1327659574468085,4.944594084974218,0.4576427938496532,0.7791375908854679,0.4367816091954023,0.7307692307692307,0.3114754098360656,0.5471272772209987,0.07790549169859515,5.874332911217679
1,vae,4000,250,4000,4250,0.10588235294117647,100,67.2,0.6667710615464415,0.842800885735135,0.6422764227642277,0.8777777777777778,0.5064102564102564,0.047386281877411895,0.1327659574468085,5.022153828955569,0.4288819810735943,0.76435120011706,0.44081632653061226,0.8709677419354839,0.29508196721311475,0.047386281877411895,0.07790549169859515,5.5051572324692515
1,vae,4000,500,4000,4500,0.15555555555555556,100,68.1,0.6620091647653195,0.830994753529101,0.65234375,0.835,0.5352564102564102,0.11856518988743307,0.1327659574468085,4.986286978200323,0.3769279188022125,0.7324397418625654,0.35251798561151076,0.5157894736842106,0.2677595628415301,0.11856518988743307,0.07790549169859515,4.838271482330039
1,vae,4000,1000,4000,5000,0.24,100,75.2,0.6669305566170182,0.8342973880878689,0.66796875,0.855,0.5480769230769231,0.03598875693917401,0.1327659574468085,5.023355154006388,0.4152706545686955,0.7567776213614278,0.3900709219858156,0.5555555555555556,0.3005464480874317,0.03598875693917401,0.07790549169859515,5.33044135290637
1,vae,4000,2000,4000,6000,0.36666666666666664,100,79.0,0.6515252936049121,0.8170230366623891,0.625,0.6097560975609756,0.6410256410256411,0.07228241769017807,0.1327659574468085,4.907321922985717,0.5382607857063236,0.8117705826256756,0.36046511627906974,0.24554455445544554,0.6775956284153005,0.07228241769017807,0.07790549169859515,6.909150741115597
1,gan,4000,250,4000,4250,0.10588235294117647,100,62.5,0.7123509314889069,0.8819402506227826,0.6459016393442623,0.6610738255033557,0.6314102564102564,0.05397822011280963,0.1327659574468085,5.365463746791447,0.5556949110418914,0.8342995827215436,0.43824701195219123,0.3448275862068966,0.6010928961748634,0.05397822011280963,0.07790549169859515,7.132936317144278
1,gan,4000,500,4000,4500,0.15555555555555556,100,71.4,0.7175439200896155,0.8770067436652323,0.6715063520871143,0.7740585774058577,0.592948717948718,0.01838467308547066,0.1327659574468085,5.404577603239092,0.5075245676337159,0.7989343505441774,0.3575883575883576,0.28859060402684567,0.46994535519125685,0.01838467308547066,0.07790549169859515,6.514618630445894
1,gan,4000,1000,4000,5000,0.24,100,64.6,0.7244894086829134,0.8662763267154827,0.6932270916334662,0.9157894736842105,0.5576923076923077,0.06768793255842023,0.1327659574468085,5.456891379502714,0.5113420255604112,0.8047923951379744,0.43450479233226835,0.5230769230769231,0.37158469945355194,0.06768793255842023,0.07790549169859515,6.563619770718065
1,gan,4000,2000,4000,6000,0.36666666666666664,100,80.8,0.7269511988834426,0.8715306610301703,0.6819923371647509,0.8476190476190476,0.5705128205128205,0.0954903689333622,0.1327659574468085,5.475433709538751,0.5309951485890856,0.8203230249912962,0.4307692307692308,0.49295774647887325,0.3825136612021858,0.0954903689333622,0.07790549169859515,6.815888546643508
1,autoregresivo,4000,250,4000,4250,0.10588235294117647,100,61.7,0.595720199794414,0.7956298281371882,0.588021778584392,0.6778242677824268,0.5192307692307693,0.0829217149395527,0.1327659574468085,4.486995094605363,0.36739399017792934,0.7626432344882914,0.3602941176470588,0.550561797752809,0.2677595628415301,0.0829217149395527,0.07790549169859515,4.715893349333093
1,autoregresivo,4000,500,4000,4500,0.15555555555555556,100,67.4,0.5688552719837983,0.7773269419491206,0.5537848605577689,0.7315789473684211,0.44551282051282054,0.14405972371582193,0.1327659574468085,4.284647080647199,0.37051670945665366,0.6767025415134039,0.2985781990521327,0.26359832635983266,0.3442622950819672,0.14405972371582193,0.07790549169859515,4.755976778763276
1,autoregresivo,4000,1000,4000,5000,0.24,100,71.4,0.513658206693729,0.7475827860396065,0.4796747967479675,0.6555555555555556,0.3782051282051282,0.5673420996014813,0.1327659574468085,3.868899954263664,0.3964682058237399,0.7341464460691562,0.3333333333333333,0.3741496598639456,0.3005464480874317,0.5673420996014813,0.07790549169859515,5.089091887868662
1,autoregresivo,4000,2000,4000,6000,0.36666666666666664,100,80.8,0.5322594782085529,0.7822462947585617,0.5258064516129032,0.5292207792207793,0.5224358974358975,0.3261445233952098,0.1327659574468085,4.009005685224678,0.38128639016046595,0.7110990014582041,0.3180722891566265,0.28448275862068967,0.36065573770491804,0.3261445233952098,0.07790549169859515,4.894217106485981
1,factor_mercado,4000,250,4000,4250,0.10588235294117647,100,67.1,0.7285990911314215,0.881760964746735,0.6781609195402298,0.8428571428571429,0.5673076923076923,0.40788613983462846,0.1327659574468085,5.487845718457823,0.5226884344498485,0.8158651590148797,0.46853146853146854,0.6504854368932039,0.366120218579235,0.40788613983462846,0.07790549169859515,6.709263019249694
1,factor_mercado,4000,500,4000,4500,0.15555555555555556,100,66.9,0.7311719895304859,0.8807953373090762,0.6773618538324421,0.7630522088353414,0.6089743589743589,0.09634479140521604,0.1327659574468085,5.5072249211430835,0.5125210566166333,0.8170357587958967,0.4329268292682927,0.4896551724137931,0.3879781420765027,0.09634479140521604,0.07790549169859515,6.578753890669243
1,factor_mercado,4000,1000,4000,5000,0.24,100,72.3,0.7337178727845932,0.8756644586195617,0.7208872458410351,0.851528384279476,0.625,0.4310880692526069,0.1327659574468085,5.526400644371136,0.48486869585666537,0.8083269000802266,0.45674740484429066,0.6226415094339622,0.36065573770491804,0.4310880692526069,0.07790549169859515,6.223806374684737
1,factor_mercado,4000,2000,4000,6000,0.36666666666666664,100,80.4,0.748564843558934,0.9019730882463954,0.7245841035120147,0.8558951965065502,0.6282051282051282,0.09564745993999861,0.1327659574468085,5.638228789626587,0.46688765742568233,0.7419281594841288,0.4641638225255973,0.6181818181818182,0.37158469945355194,0.09564745993999861,0.07790549169859515,5.993000586300152
1,sin_sinteticos,,0,11336,11336,0.05001764290755117,100,142.5,0.7239204206411769,0.8793689137163132,0.6751361161524501,0.7782426778242678,0.5961538461538461,0.15859710995139195,0.1327659574468085,5.45260573239348,0.5108321170288495,0.8293043508973756,0.45394736842105265,0.5702479338842975,0.3770491803278688,0.15859710995139195,0.07790549169859515,6.557074551370313
1,ruido,,250,11336,11586,0.07051614016916968,100,144.2,0.7084557015938703,0.8707521828841752,0.6432532347504621,0.759825327510917,0.5576923076923077,0.2788637455751909,0.1327659574468085,5.336124675466651,0.524314121858779,0.8434827361760743,0.45871559633027525,0.5208333333333334,0.4098360655737705,0.2788637455751909,0.07790549169859515,6.7301304494331795
1,ruido,,500,11336,11836,0.09014869888475836,100,141.7,0.6807064252515115,0.8692219622052791,0.6098003629764065,0.702928870292887,0.5384615384615384,0.12896114858884772,0.1327659574468085,5.127115703016193,0.5337633473462869,0.8418252274344187,0.46808510638297873,0.5273972602739726,0.4207650273224044,0.12896114858884772,0.07790549169859515,6.851421327412175
1,ruido,,1000,11336,12336,0.127026588845655,100,149.0,0.7279832352883402,0.8750031453662466,0.6913123844731978,0.8165938864628821,0.5993589743589743,0.15841184018639956,0.1327659574468085,5.483207060665383,0.4991778796839217,0.8100373885533505,0.4253968253968254,0.5075757575757576,0.366120218579235,0.15841184018639956,0.07790549169859515,6.407479996598536
1,ruido,,2000,11336,13336,0.1924865026994601,100,165.1,0.6872598347025016,0.8664273042953121,0.62109375,0.795,0.5096153846153846,0.4106981952100241,0.1327659574468085,5.1764763190733305,0.5219615725456416,0.8347915373708934,0.4731182795698925,0.6875,0.36065573770491804,0.4106981952100241,0.07790549169859515,6.699932972184219
1,gaussiano,,250,11336,11586,0.07051614016916968,100,129.4,0.712741035352893,0.8733785636999574,0.6504065040650406,0.8888888888888888,0.5128205128205128,0.12727809046021052,0.1327659574468085,5.3684020291003165,0.5005309474040661,0.8049311515775346,0.4731182795698925,0.6875,0.36065573770491804,0.12727809046021052,0.07790549169859515,6.424848062580062
1,gaussiano,,500,11336,11836,0.09014869888475836,100,140.5,0.7031270398706793,0.8775933544701946,0.6294820717131474,0.8315789473684211,0.5064102564102564,0.03350475359113276,0.1327659574468085,5.2959889221028735,0.5102513498409383,0.8115965063651364,0.4697986577181208,0.6086956521739131,0.3825136612021858,0.03350475359113276,0.07790549169859515,6.549619785663192
1,gaussiano,,1000,11336,12336,0.127026588845655,100,154.8,0.730297256180351,0.8666993784756296,0.7011494252873564,0.8714285714285714,0.5865384615384616,0.027126014195820867,0.1327659574468085,5.500636384691747,0.46135417357153025,0.7759789897522062,0.4117647058823529,0.5121951219512195,0.3442622950819672,0.027126014195820867,0.07790549169859515,5.921972424696856
1,gaussiano,,2000,11336,13336,0.1924865026994601,100,151.4,0.7104289027284001,0.8669667346065776,0.6578947368421053,0.7954545454545454,0.5608974358974359,0.07781244885195207,0.1327659574468085,5.350986927601732,0.4936767837269528,0.7956950183915353,0.4430769230769231,0.5070422535211268,0.39344262295081966,0.07781244885195207,0.07790549169859515,6.336867568167279
1,student_t,,250,11336,11586,0.07051614016916968,100,145.6,0.6792250630452705,0.8527811328351074,0.6743295019157088,0.8380952380952381,0.5641025641025641,0.0676147458430599,0.1327659574468085,5.115958006911494,0.40647681642476047,0.753724979691103,0.39416058394160586,0.5934065934065934,0.29508196721311475,0.0676147458430599,0.07790549169859515,5.217563069845696
1,student_t,,500,11336,11836,0.09014869888475836,100,142.2,0.6567828139956189,0.8474969175410785,0.66015625,0.845,0.5416666666666666,0.1895992826148243,0.1327659574468085,4.94692183618495,0.3947275595678305,0.7476196963504534,0.392,0.7313432835820896,0.2677595628415301,0.1895992826148243,0.07790549169859515,5.0667488383870705
1,student_t,,1000,11336,12336,0.127026588845655,100,150.6,0.6525950578850475,0.849877959789638,0.6015037593984962,0.7272727272727273,0.5128205128205128,0.12766585138502773,0.1327659574468085,4.9153794424034025,0.4306061693197976,0.7693716603847841,0.40892193308550184,0.6395348837209303,0.3005464480874317,0.12766585138502773,0.07790549169859515,5.527289025859042
1,student_t,,2000,11336,13336,0.1924865026994601,100,152.2,0.5394935178035785,0.7852831458695051,0.4938704028021016,0.5444015444015444,0.4519230769230769,0.07244389294557463,0.1327659574468085,4.0634928424308,0.38274977290950984,0.7392312388679493,0.35359116022099446,0.3575418994413408,0.34972677595628415,0.07244389294557463,0.07790549169859515,4.9130011834122325
1,vae,,250,11336,11586,0.07051614016916968,100,141.1,0.678911922700086,0.8471603633527088,0.6896551724137931,0.8571428571428571,0.5769230769230769,0.07346665464604604,0.1327659574468085,5.113599417773084,0.4032631007559705,0.7511617698257722,0.3870967741935484,0.5625,0.29508196721311475,0.07346665464604604,0.07790549169859515,5.176311604785654
1,vae,,500,11336,11836,0.09014869888475836,100,134.3,0.6683368499096826,0.8423526710450165,0.66796875,0.855,0.5480769230769231,0.10966874250156042,0.1327659574468085,5.033947427204341,0.38524216249327403,0.7392287160235936,0.3787878787878788,0.6172839506172839,0.273224043715847,0.10966874250156042,0.07790549169859515,4.944993659544813
1,vae,,1000,11336,12336,0.127026588845655,100,149.9,0.6724295933684937,0.843788530736519,0.6414342629482072,0.8473684210526315,0.5160256410256411,0.02127093370033412,0.1327659574468085,5.064774180820386,0.43555761276474947,0.7554960164287624,0.4523809523809524,0.8260869565217391,0.3114754098360656,0.02127093370033412,0.07790549169859515,5.59084607860326
1,vae,,2000,11336,13336,0.1924865026994601,100,163.7,0.6113023357994525,0.8136512040461991,0.5645438898450946,0.6096654275092936,0.5256410256410257,0.06616313540634994,0.1327659574468085,4.60436054207921,0.47073203379552386,0.7796472054453072,0.37220843672456577,0.3409090909090909,0.4098360655737705,0.06616313540634994,0.07790549169859515,6.042347253473691
1,gan,,250,11336,11586,0.07051614016916968,100,136.6,0.6857261482789073,0.8605942225912785,0.6254980079681275,0.8263157894736842,0.5032051282051282,0.08771700525985038,0.1327659574468085,5.164924514280232,0.4950794831902723,0.7764267946253324,0.48184818481848185,0.6083333333333333,0.3989071038251366,0.08771700525985038,0.07790549169859515,6.354872710458741
1,gan,,500,11336,11836,0.09014869888475836,100,150.3,0.706513348544165,0.852899084069349,0.6951871657754011,0.7831325301204819,0.625,0.10042459700989126,0.1327659574468085,5.321494772688423,0.3763840319459816,0.7339912911412844,0.2951653944020356,0.2761904761904762,0.31693989071038253,0.10042459700989126,0.07790549169859515,4.8312901149787475
1,gan,,1000,11336,12336,0.127026588845655,100,150.7,0.7178550583994032,0.8652871090309757,0.6953125,0.89,0.5705128205128205,0.01739143722502812,0.1327659574468085,5.406921112944223,0.4577477986373944,0.7633597222852933,0.3804034582132565,0.4024390243902439,0.36065573770491804,0.01739143722502812,0.07790549169859515,5.875680759558685
1,gan,,2000,11336,13336,0.1924865026994601,100,157.7,0.7326741797336717,0.8658406934903499,0.7109375,0.91,0.5833333333333334,0.05994135668163166,0.1327659574468085,5.5185394947888735,0.4974207512196467,0.7813980594281216,0.4417910447761194,0.4868421052631579,0.40437158469945356,0.05994135668163166,0.07790549169859515,6.384925380409563
1,autoregresivo,,250,11336,11586,0.07051614016916968,100,139.0,0.6868098487355111,0.854091177876752,0.6617375231053605,0.7816593886462883,0.5737179487179487,0.06361536544260858,0.1327659574468085,5.173087001693754,0.47059029690963144,0.8164075705513424,0.46153846153846156,0.890625,0.3114754098360656,0.06361536544260858,0.07790549169859515,6.0405279095121545
1,autoregresivo,,500,11336,11836,0.09014869888475836,100,142.8,0.6713625496480289,0.8386552930223196,0.6454183266932271,0.8526315789473684,0.5192307692307693,0.17337032684258047,0.1327659574468085,5.056737152797654,0.4227361524822194,0.7663593842241497,0.39655172413793105,0.9387755102040817,0.25136612021857924,0.17337032684258047,0.07790549169859515,5.42626897366521
1,autoregresivo,,1000,11336,12336,0.127026588845655,100,143.8,0.6076277138452054,0.8182827558440905,0.6127819548872181,0.740909090909091,0.5224358974358975,0.1799322245118502,0.1327659574468085,4.57668310107767,0.37377486712013164,0.7547946656978943,0.3700787401574803,0.6619718309859155,0.2568306010928962,0.1799322245118502,0.07790549169859515,4.7977987041813615
1,autoregresivo,,2000,11336,13336,0.1924865026994601,100,162.0,0.5323299996127103,0.7710393548224755,0.5094664371772806,0.550185873605948,0.47435897435897434,0.06948830372696163,0.1327659574468085,4.009536856057274,0.3595030071308007,0.7435453027160943,0.3277310924369748,0.26621160409556316,0.4262295081967213,0.06948830372696163,0.07790549169859515,4.6146041734986385
1,factor_mercado,,250,11336,11586,0.07051614016916968,100,141.1,0.7226062531401707,0.8849598022193704,0.6506469500924215,0.7685589519650655,0.5641025641025641,0.11248681163362094,0.1327659574468085,5.442707355382696,0.5275984628194966,0.8086624383795264,0.5252525252525253,0.6842105263157895,0.4262295081967213,0.11248681163362094,0.07790549169859515,6.772288465371571
1,factor_mercado,,500,11336,11836,0.09014869888475836,100,150.0,0.7236176654071,0.8735090963991846,0.6935201401050788,0.7644787644787645,0.6346153846153846,0.17083287767001573,0.1327659574468085,5.450325364444504,0.498698165189575,0.8099263834017024,0.4246153846153846,0.4859154929577465,0.3770491803278688,0.17083287767001573,0.07790549169859515,6.401322349892413
1,factor_mercado,,1000,11336,12336,0.127026588845655,100,155.1,0.7383569136664172,0.8814558642208298,0.7126436781609196,0.8857142857142857,0.5961538461538461,0.09930457962260585,0.1327659574468085,5.561342138192566,0.5093697412203027,0.8136450559819162,0.46366782006920415,0.6320754716981132,0.366120218579235,0.09930457962260585,0.07790549169859515,6.538303399598311
1,factor_mercado,,2000,11336,13336,0.1924865026994601,100,152.9,0.7382451655033859,0.8853136559220955,0.6954887218045113,0.8409090909090909,0.592948717948718,0.0736896653098344,0.1327659574468085,5.560500445297939,0.507826824908872,0.8094142459975076,0.4610169491525424,0.6071428571428571,0.37158469945355194,0.0736896653098344,0.07790549169859515,6.518498424649947
2,sin_sinteticos,500,0,500,500,0.05,100,27.1,0.7233963028276216,0.8735358320122796,0.6772908366533864,0.8947368421052632,0.5448717948717948,0.20018759850694348,0.1327659574468085,5.448658050143945,0.4948184684671133,0.8199975780694185,0.4444444444444444,0.6458333333333334,0.33879781420765026,0.20018759850694348,0.07790549169859515,6.351522308356553
2,ruido,500,250,500,750,0.36666666666666664,100,27.2,0.7295312616809917,0.8637049898090134,0.7097966728280961,0.8384279475982532,0.6153846153846154,0.7935844143719232,0.1327659574468085,5.494866874840803,0.49960509952735005,0.8106226884438591,0.4186046511627907,0.4472049689440994,0.39344262295081966,0.7935844143719232,0.07790549169859515,6.412963818523198
2,ruido,500,500,500,1000,0.525,100,32.3,0.73780391867346,0.85623238594902,0.7105263157894737,0.8590909090909091,0.6057692307692307,0.9428197446124895,0.1327659574468085,5.557176951546895,0.5246255495670221,0.8276872076654103,0.43843843843843844,0.4866666666666667,0.3989071038251366,0.9428197446124895,0.07790549169859515,6.734127955917677
2,ruido,500,1000,500,1500,0.6833333333333333,100,37.8,0.7372049402815928,0.8408224503661206,0.7091222030981067,0.7657992565055762,0.6602564102564102,0.9106900862805987,0.1327659574468085,5.55266541558251,0.5249474648501945,0.8187235416698202,0.45776566757493187,0.45652173913043476,0.45901639344262296,0.9106900862805987,0.07790549169859515,6.738260081601677
2,ruido,500,2000,500,2500,0.81,100,48.7,0.734066238926057,0.8452904431191968,0.7022375215146299,0.758364312267658,0.6538461538461539,0.9157589932049022,0.1327659574468085,5.529024556013571,0.5145273804133812,0.8252425714847946,0.4444444444444444,0.4131455399061033,0.4808743169398907,0.9157589932049022,0.07790549169859515,6.604507194486516
2,gaussiano,500,250,500,750,0.36666666666666664,100,29.9,0.7295013774807659,0.8615417641730203,0.7330827067669173,0.8863636363636364,0.625,0.14266937885477293,0.1327659574468085,5.49464178551218,0.48686880582391157,0.8168112256482448,0.39669421487603307,0.4,0.39344262295081966,0.14266937885477293,0.07790549169859515,6.249479917379062
2,gaussiano,500,500,500,1000,0.525,100,30.7,0.7343633331225919,0.8695537983442793,0.7203065134099617,0.8952380952380953,0.6025641025641025,0.558421225723099,0.1327659574468085,5.531262284737472,0.506826353161863,0.7992724116878333,0.41645244215938304,0.3932038834951456,0.4426229508196721,0.558421225723099,0.07790549169859515,6.5056563037006345
2,gaussiano,500,1000,500,1500,0.6833333333333333,100,37.5,0.7066809494775841,0.8618319242092548,0.7142857142857143,0.8636363636363636,0.6089743589743589,0.7313018576377581,0.1327659574468085,5.322757151513855,0.44273872441824863,0.6667776718183147,0.4,0.4407894736842105,0.366120218579235,0.7313018576377581,0.07790549169859515,5.683023298680142
2,gaussiano,500,2000,500,2500,0.81,100,47.7,0.6936106261963743,0.8002503711532172,0.7011494252873564,0.8714285714285714,0.5865384615384616,0.04399284795145796,0.1327659574468085,5.224310806286794,0.4708998502405883,0.7549788333358562,0.30831643002028397,0.24516129032258063,0.41530054644808745,0.04399284795145796,0.07790549169859515,6.0445013563668955
2,student_t,500,250,500,750,0.36666666666666664,100,28.7,0.7041753982881004,0.8517604614881358,0.6819923371647509,0.8476190476190476,0.5705128205128205,0.16394974988698965,0.1327659574468085,5.303885211464859,0.4482542810077926,0.7648078349454308,0.3727810650887574,0.4064516129032258,0.3442622950819672,0.16394974988698965,0.07790549169859515,5.753821344739371
2,student_t,500,500,500,1000,0.525,100,32.6,0.7147105880475182,0.8679016947233335,0.71875,0.92,0.5897435897435898,0.5738706878809374,0.1327659574468085,5.383236800998936,0.49936873450312924,0.8458466413373092,0.4174454828660436,0.4855072463768116,0.366120218579235,0.5738706878809374,0.07790549169859515,6.409929821572954
2,student_t,500,1000,500,1500,0.6833333333333333,100,36.4,0.7058075404874774,0.8456041934022798,0.7180451127819549,0.8681818181818182,0.6121794871794872,0.7768620506209486,0.1327659574468085,5.316178590210167,0.4805499315484007,0.803349328166548,0.3743016759776536,0.38285714285714284,0.366120218579235,0.7768620506209486,0.07790549169859515,6.168370432826192
2,student_t,500,2000,500,2500,0.81,100,43.8,0.7044290552084782,0.8418132407337511,0.7180451127819549,0.8681818181818182,0.6121794871794872,0.8383925756226069,0.1327659574468085,5.305795768397192,0.4803070957245914,0.794378093637891,0.3753501400560224,0.3850574712643678,0.366120218579235,0.8383925756226069,0.07790549169859515,6.165253376268116
2,vae,500,250,500,750,0.36666666666666664,100,29.1,0.6813480798261716,0.831453977001082,0.6933333333333334,0.7222222222222222,0.6666666666666666,0.03074897877997211,0.1327659574468085,5.131948678177896,0.4402892318375941,0.7612001675168653,0.2571428571428571,0.18120805369127516,0.4426229508196721,0.03074897877997211,0.07790549169859515,5.6515814512923965
2,vae,500,500,500,1000,0.525,100,31.5,0.6735897833954775,0.8589570594600036,0.6568483063328424,0.6076294277929155,0.7147435897435898,0.5098247224192659,0.1327659574468085,5.073512791600552,0.4303582176912141,0.7824526083687793,0.2238372093023256,0.15247524752475247,0.4207650273224044,0.5098247224192659,0.07790549169859515,5.52410630249542
2,vae,500,1000,500,1500,0.6833333333333333,100,36.4,0.6743493851999369,0.8433167257995522,0.6642468239564429,0.7656903765690377,0.5865384615384616,0.6691911363251069,0.1327659574468085,5.07923415134568,0.43946426918359544,0.7670203694453275,0.33505154639175255,0.3170731707317073,0.3551912568306011,0.6691911363251069,0.07790549169859515,5.640992176569758
2,vae,500,2000,500,2500,0.81,100,46.4,0.6676721964953258,0.8332358269796935,0.6606875934230194,0.6190476190476191,0.7083333333333334,0.671768677685441,0.1327659574468085,5.028941223602615,0.43286802112450173,0.7570362129078809,0.21300138312586445,0.1425925925925926,0.4207650273224044,0.671768677685441,0.07790549169859515,5.556322303942375
2,gan,500,250,500,750,0.36666666666666664,100,28.0,0.5425516478851719,0.7948136055962357,0.5138461538461538,0.4940828402366864,0.5352564102564102,0.24841629593500084,0.1327659574468085,4.0865268350325445,0.4684821629919058,0.7638996109774003,0.3562231759656652,0.29328621908127206,0.453551912568306,0.24841629593500084,0.07790549169859515,6.013467764305939
2,gan,500,500,500,1000,0.525,100,33.1,0.5192233175269079,0.7532774716287964,0.49333333333333335,0.5138888888888888,0.47435897435897434,0.19376365946997115,0.1327659574468085,3.9108166544494667,0.4685461118213652,0.7530766086917033,0.3669724770642202,0.31620553359683795,0.4371584699453552,0.19376365946997115,0.07790549169859515,6.0142886156742446
2,gan,500,1000,500,1500,0.6833333333333333,100,38.0,0.6507222431968799,0.8375182431242294,0.6358595194085028,0.7510917030567685,0.5512820512820513,0.6606009785708259,0.1327659574468085,4.901273306130346,0.4508845536095278,0.7639298851096682,0.3088235294117647,0.28,0.3442622950819672,0.6606009785708259,0.07790549169859515,5.787583696332136
2,gan,500,2000,500,2500,0.81,100,46.6,0.6226431810774221,0.8291680820814775,0.601593625498008,0.7947368421052632,0.483974358974359,0.7163521770669633,0.1327659574468085,4.689780370294686,0.4446988737848789,0.7574083324503378,0.35,0.3559322033898305,0.3442622950819672,0.7163521770669633,0.07790549169859515,5.708183904484593
2,autoregresivo,500,250,500,750,0.36666666666666664,100,29.9,0.7202093860344033,0.8602435142547997,0.7293233082706767,0.8818181818181818,0.6217948717948718,0.06290483086305827,0.1327659574468085,5.4246540294257946,0.48799616766848936,0.8042323236910222,0.36496350364963503,0.32894736842105265,0.4098360655737705,0.06290483086305827,0.07790549169859515,6.263950807941429
2,autoregresivo,500,500,500,1000,0.525,100,32.6,0.7290534892898911,0.8593659570720416,0.7356746765249538,0.868995633187773,0.6378205128205128,0.012033023448864434,0.1327659574468085,5.491268268689885,0.48145872897539227,0.7407449454813335,0.33537832310838445,0.2679738562091503,0.44808743169398907,0.012033023448864434,0.07790549169859515,6.18003581619233
2,autoregresivo,500,1000,500,1500,0.6833333333333333,100,37.5,0.6822586269597174,0.8676036712714829,0.6737967914438503,0.7590361445783133,0.6057692307692307,0.6029265866980834,0.1327659574468085,5.1388069658824875,0.44003092313568154,0.7625473664027771,0.33766233766233766,0.3217821782178218,0.3551912568306011,0.6029265866980834,0.07790549169859515,5.648265783856371
2,autoregresivo,500,2000,500,2500,0.81,100,47.1,0.6730398924275643,0.8472555106816637,0.6870967741935484,0.6915584415584416,0.6826923076923077,0.038008500517040744,0.1327659574468085,5.069370984630694,0.4339446487438864,0.6550994252960558,0.30364372469635625,0.24115755627009647,0.4098360655737705,0.038008500517040744,0.07790549169859515,5.5701419666633285
2,factor_mercado,500,250,500,750,0.36666666666666664,100,28.5,0.7054330491893877,0.8475849877959789,0.7293233082706767,0.8818181818181818,0.6217948717948718,0.39464754367225485,0.1327659574468085,5.313357902548273,0.4671798692505328,0.7939643471635662,0.3826086956521739,0.4074074074074074,0.36065573770491804,0.39464754367225485,0.07790549169859515,5.996751436445363
2,factor_mercado,500,500,500,1000,0.525,100,33.1,0.6914649412281302,0.8630853526584635,0.7150635208711433,0.8242677824267782,0.6314102564102564,0.15919167276816207,0.1327659574468085,5.208149397070853,0.44559335367326314,0.7526048367971987,0.3753501400560224,0.3850574712643678,0.366120218579235,0.15919167276816207,0.07790549169859515,5.719665506986312
2,factor_mercado,500,1000,500,1500,0.6833333333333333,100,39.1,0.697883482487683,0.8098295840567675,0.7051792828685259,0.9315789473684211,0.5673076923076923,0.0527486114817507,0.1327659574468085,5.2564941789937665,0.486983573860552,0.7505739470909081,0.4537313432835821,0.5,0.41530054644808745,0.0527486114817507,0.07790549169859515,6.250953087423151
2,factor_mercado,500,2000,500,2500,0.81,100,44.0,0.678356369296628,0.8491159948164364,0.7130124777183601,0.8032128514056225,0.6410256410256411,0.6541319471988357,0.1327659574468085,5.10941496104832,0.4380646405418133,0.7330553158853417,0.3767313019390582,0.38202247191011235,0.37158469945355194,0.6541319471988357,0.07790549169859515,5.6230264515449155
2,sin_sinteticos,1000,0,1000,1000,0.05,100,30.4,0.7088558041603156,0.8597890088321883,0.6617375231053605,0.7816593886462883,0.5737179487179487,0.051664901175043146,0.1327659574468085,5.339138268515198,0.45273264208328506,0.7791830020838695,0.36904761904761907,0.40522875816993464,0.33879781420765026,0.051664901175043146,0.07790549169859515,5.811305881167413
2,ruido,1000,250,1000,1250,0.24,100,34.6,0.7148307945288467,0.8566027528245389,0.6913123844731978,0.8165938864628821,0.5993589743589743,0.3313556327479218,0.1327659574468085,5.384142202380737,0.4911594325784209,0.7983969846964261,0.39882697947214074,0.43037974683544306,0.37158469945355194,0.3313556327479218,0.07790549169859515,6.304554683752517
2,ruido,1000,500,1000,1500,0.36666666666666664,100,32.5,0.7282135998792504,0.8616652197981933,0.6973180076628352,0.8666666666666667,0.5833333333333334,0.5390778136533851,0.1327659574468085,5.484942178577688,0.5062236399201966,0.8231309507591238,0.4174454828660436,0.4855072463768116,0.366120218579235,0.5390778136533851,0.07790549169859515,6.497919837008425
2,ruido,1000,1000,1000,2000,0.525,100,44.3,0.7206751856002964,0.8444160313026849,0.6919104991394148,0.7472118959107806,0.6442307692307693,0.7392461713782884,0.1327659574468085,5.428162455643259,0.5351423867849394,0.8563769936777521,0.44086021505376344,0.43386243386243384,0.44808743169398907,0.7392461713782884,0.07790549169859515,6.869122768075534
2,ruido,1000,2000,1000,3000,0.6833333333333333,100,53.6,0.7345154411570917,0.8477115887873985,0.7056798623063684,0.7620817843866171,0.657051282051282,0.8049516146403409,0.1327659574468085,5.532407970253736,0.5095576112500122,0.8256323509377412,0.4181360201511335,0.3878504672897196,0.453551912568306,0.8049516146403409,0.07790549169859515,6.540714911619009
2,gaussiano,1000,250,1000,1250,0.24,100,36.4,0.70843803799997,0.8519507561460455,0.6876155268022182,0.8122270742358079,0.5961538461538461,0.14326094592919855,0.1327659574468085,5.335991632371569,0.4789404468356936,0.791461685562771,0.41025641025641024,0.42857142857142855,0.39344262295081966,0.14326094592919855,0.07790549169859515,6.147710981513903
2,gaussiano,1000,500,1000,1500,0.36666666666666664,100,39.0,0.7332000287728752,0.8613727007372738,0.7011494252873564,0.8714285714285714,0.5865384615384616,0.2887757326119092,0.1327659574468085,5.522500216718772,0.5189996865522822,0.8388079055850728,0.43315508021390375,0.42408376963350786,0.4426229508196721,0.2887757326119092,0.07790549169859515,6.661914009351426
2,gaussiano,1000,1000,1000,2000,0.525,100,44.8,0.7210785501208468,0.8428056037845046,0.6896551724137931,0.8571428571428571,0.5769230769230769,0.29935064560525565,0.1327659574468085,5.431200617897404,0.507860063708394,0.8019668094596571,0.39705882352941174,0.36,0.4426229508196721,0.29935064560525565,0.07790549169859515,6.518925080060205
2,gaussiano,1000,2000,1000,3000,0.6833333333333333,100,47.5,0.6956564918266347,0.8257954631237263,0.6812749003984063,0.9,0.5480769230769231,0.3216244112042795,0.1327659574468085,5.239720371130102,0.5080491205924579,0.7740263082209405,0.412532637075718,0.395,0.43169398907103823,0.3216244112042795,0.07790549169859515,6.521351826621221
2,student_t,1000,250,1000,1250,0.24,100,34.2,0.6907099888255113,0.8428512115950781,0.64891846921797,0.6747404844290658,0.625,0.2549476688899914,0.1327659574468085,5.20246305685882,0.40228914772535707,0.746247269020985,0.2830188679245283,0.24896265560165975,0.32786885245901637,0.2549476688899914,0.07790549169859515,5.163809879818928
2,student_t,1000,500,1000,1500,0.36666666666666664,100,36.7,0.7007207069513434,0.8546321808711407,0.6704980842911877,0.8333333333333334,0.5608974358974359,0.38882928752899215,0.1327659574468085,5.277864299152747,0.4667618007323261,0.7799978808107413,0.3855421686746988,0.42953020134228187,0.34972677595628415,0.38882928752899215,0.07790549169859515,5.991385081531333
2,student_t,1000,1000,1000,2000,0.525,100,43.2,0.7036116790734877,0.8467294481769456,0.6934865900383141,0.861904761904762,0.5801282051282052,0.7580810012186275,0.1327659574468085,5.299639249431719,0.4985759036747782,0.8293220108078653,0.39880952380952384,0.43790849673202614,0.366120218579235,0.7580810012186275,0.07790549169859515,6.399752993071334
2,student_t,1000,2000,1000,3000,0.6833333333333333,100,53.2,0.7032792769208672,0.83561057849576,0.6917293233082706,0.8363636363636363,0.5897435897435898,0.7721835939298161,0.1327659574468085,5.2971355793719175,0.49633915706088133,0.8223425618979863,0.39660056657223797,0.4117647058823529,0.3825136612021858,0.7721835939298161,0.07790549169859515,6.371041966863444
2,vae,1000,250,1000,1250,0.24,100,34.1,0.6601358650384157,0.8263647744143328,0.6436781609195402,0.8,0.5384615384615384,0.11294592695727075,0.1327659574468085,4.972177188590631,0.4219923625579928,0.7569870174429458,0.3076923076923077,0.2898550724637681,0.32786885245901637,0.11294592695727075,0.07790549169859515,5.416721637424727
2,vae,1000,500,1000,1500,0.36666666666666664,100,36.1,0.6948669694071943,0.8382432500440351,0.7072758037225042,0.7491039426523297,0.6698717948717948,0.03099214916238013,0.1327659574468085,5.2337736477785475,0.46628560369934613,0.7854774987511919,0.3095652173913043,0.22704081632653061,0.48633879781420764,0.03099214916238013,0.07790549169859515,5.985272585189968
2,vae,1000,1000,1000,2000,0.525,100,44.3,0.6771867073078724,0.841700007548879,0.6678765880217786,0.7698744769874477,0.5897435897435898,0.6333572983215836,0.1327659574468085,5.100605006966347,0.43933014757082417,0.7711855854764895,0.33078880407124683,0.30952380952380953,0.3551912568306011,0.6333572983215836,0.07790549169859515,5.639270582753366
2,vae,1000,2000,1000,3000,0.6833333333333333,100,53.3,0.6687276040667122,0.8272014418358873,0.6597938144329897,0.6103542234332425,0.717948717948718,0.6325382476383898,0.1327659574468085,5.036890607553762,0.4345623139454958,0.7525846540423534,0.2309941520467836,0.15768463073852296,0.43169398907103823,0.6325382476383898,0.07790549169859515,5.578070357693823
2,gan,1000,250,1000,1250,0.24,100,35.1,0.547608806149437,0.7792393246269596,0.48120300751879697,0.5818181818181818,0.41025641025641024,0.2205904510138917,0.1327659574468085,4.124617610420439,0.44931607609025664,0.7459356977430635,0.39325842696629215,0.4046242774566474,0.3825136612021858,0.2205904510138917,0.07790549169859515,5.767450616043786
2,gan,1000,500,1000,1500,0.36666666666666664,100,37.5,0.5751706895729207,0.8036229901109686,0.516260162601626,0.7055555555555556,0.40705128205128205,0.49594801477098677,0.1327659574468085,4.332215129796038,0.45996952507852706,0.7682414261134575,0.39263803680981596,0.44755244755244755,0.34972677595628415,0.49594801477098677,0.07790549169859515,5.904198985844044
2,gan,1000,1000,1000,2000,0.525,100,44.6,0.5551312362711656,0.753365541883697,0.4966139954853273,0.8396946564885496,0.3525641025641026,0.5194945723739998,0.1327659574468085,4.181276939862946,0.492002502338012,0.768902411334635,0.4755244755244755,0.6601941747572816,0.37158469945355194,0.5194945723739998,0.07790549169859515,6.315376382469892
2,gan,1000,2000,1000,3000,0.6833333333333333,100,51.5,0.6107119702971409,0.7419730253390705,0.5939849624060151,0.7181818181818181,0.5064102564102564,0.19756166516469828,0.1327659574468085,4.599913878840645,0.5012636337904207,0.7089344010010648,0.49411764705882355,0.535031847133758,0.45901639344262296,0.19756166516469828,0.07790549169859515,6.434252873080318
2,autoregresivo,1000,250,1000,1250,0.24,100,34.8,0.7350499467299063,0.8753994615132985,0.7279693486590039,0.9047619047619048,0.6089743589743589,0.2739828150132144,0.1327659574468085,5.536433893638718,0.5273503070911222,0.8506299542356033,0.4294117647058823,0.46496815286624205,0.3989071038251366,0.2739828150132144,0.07790549169859515,6.769103122169651
2,autoregresivo,1000,500,1000,1500,0.36666666666666664,100,36.5,0.7314774508669567,0.8871961576205935,0.7293233082706767,0.8818181818181818,0.6217948717948718,0.14386994348579527,0.1327659574468085,5.509525671594066,0.5013658591294169,0.837094894267593,0.3865979381443299,0.36585365853658536,0.4098360655737705,0.14386994348579527,0.07790549169859515,6.435565044234974
2,autoregresivo,1000,1000,1000,2000,0.525,100,42.7,0.7443055131150624,0.8875877557182759,0.7293233082706767,0.8818181818181818,0.6217948717948718,0.34658123752224984,0.1327659574468085,5.606147294296144,0.5009460446127431,0.8284364924390356,0.42165242165242167,0.44047619047619047,0.40437158469945356,0.34658123752224984,0.07790549169859515,6.430176277570128
2,autoregresivo,1000,2000,1000,3000,0.6833333333333333,100,53.2,0.7224937310678766,0.8624106715986009,0.7180451127819549,0.8681818181818182,0.6121794871794872,0.15860618179986485,0.1327659574468085,5.441859833363815,0.47074822394303406,0.735985599604418,0.38274932614555257,0.3776595744680851,0.3879781420765027,0.15860618179986485,0.07790549169859515,6.042555071268781
2,factor_mercado,1000,250,1000,1250,0.24,100,33.8,0.7143481213898117,0.8558352834604062,0.7164750957854407,0.8904761904761904,0.5993589743589743,0.40438204241850856,0.1327659574468085,5.380506683545057,0.47753791746155,0.7929880063979333,0.3880597014925373,0.4276315789473684,0.3551912568306011,0.40438204241850856,0.07790549169859515,6.1297080224982565
2,factor_mercado,1000,500,1000,1500,0.36666666666666664,100,36.4,0.7083038096730001,0.8573238280365366,0.7218045112781954,0.8727272727272727,0.6153846153846154,0.16416905267824838,0.1327659574468085,5.334980617729328,0.4719766124512392,0.8199193698943937,0.38823529411764707,0.42038216560509556,0.36065573770491804,0.16416905267824838,0.07790549169859515,6.058322746710169
2,factor_mercado,1000,1000,1000,2000,0.525,100,37.1,0.7301666335633042,0.8678372147152813,0.7245841035120147,0.8558951965065502,0.6282051282051282,0.5510813286524823,0.1327659574468085,5.499652528441555,0.48363698746308575,0.7730575359883747,0.46105919003115264,0.5362318840579711,0.40437158469945356,0.5510813286524823,0.07790549169859515,6.207996084976986
2,factor_mercado,1000,2000,1000,3000,0.6833333333333333,100,51.9,0.6851451517671693,0.8263317480687452,0.7201426024955436,0.8112449799196787,0.6474358974358975,0.5203563473865767,0.1327659574468085,5.160548418759128,0.42109296104617766,0.586127383457205,0.3835616438356164,0.38461538461538464,0.3825136612021858,0.5203563473865767,0.07790549169859515,5.4051768606419195
2,sin_sinteticos,2000,0,2000,2000,0.05,100,42.6,0.7084815323278527,0.8618130520117762,0.6436781609195402,0.8,0.5384615384615384,0.04400079392028207,0.1327659574468085,5.33631923387966,0.4470639228472032,0.779445377896856,0.3785488958990536,0.44776119402985076,0.32786885245901637,0.04400079392028207,0.07790549169859515,5.738541829333772
2,ruido,2000,250,2000,2250,0.15555555555555556,100,45.7,0.707992481047915,0.8560019878714679,0.7024029574861368,0.8296943231441049,0.6089743589743589,0.3183563423457265,0.1327659574468085,5.332635674559617,0.46167288626454467,0.7782041384738809,0.39285714285714285,0.43137254901960786,0.36065573770491804,0.3183563423457265,0.07790549169859515,5.926063441723581
2,ruido,2000,500,2000,2500,0.24,100,45.0,0.7156046042833631,0.8590828741098613,0.6951871657754011,0.7831325301204819,0.625,0.4233855080940144,0.1327659574468085,5.3899705771343065,0.4990003595403132,0.8131505784882108,0.4044943820224719,0.4161849710982659,0.39344262295081966,0.4233855080940144,0.07790549169859515,6.405201336394512
2,ruido,2000,1000,2000,3000,0.36666666666666664,100,52.2,0.7209023497580408,0.8582729423014017,0.6950092421441775,0.8209606986899564,0.6025641025641025,0.6788876412996724,0.1327659574468085,5.429873467728833,0.5065019390376965,0.8171492867919008,0.4046242774566474,0.4294478527607362,0.3825136612021858,0.6788876412996724,0.07790549169859515,6.501492102729776
2,ruido,2000,2000,2000,4000,0.525,100,58.4,0.73553147281723,0.8611981329105961,0.6987522281639929,0.7871485943775101,0.6282051282051282,0.7230648031645464,0.1327659574468085,5.540060772822085,0.5378329032095044,0.8540080428278057,0.44692737430167595,0.45714285714285713,0.4371584699453552,0.7230648031645464,0.07790549169859515,6.903658413328556
2,gaussiano,2000,250,2000,2250,0.15555555555555556,100,47.6,0.7006826675367421,0.8591119687476411,0.628125,0.6128048780487805,0.6442307692307693,0.03496568963056854,0.1327659574468085,5.277577784331231,0.46561920787118405,0.7688393402257441,0.38388625592417064,0.3389121338912134,0.4426229508196721,0.03496568963056854,0.07790549169859515,5.976718684641592
2,gaussiano,2000,500,2000,2500,0.24,100,50.1,0.7061710327365408,0.851636219521401,0.671875,0.86,0.5512820512820513,0.13757629550692915,0.1327659574468085,5.318916432470741,0.46932771364009124,0.783534908597349,0.3893805309734513,0.4230769230769231,0.36065573770491804,0.13757629550692915,0.07790549169859515,6.024321307871991
2,gaussiano,2000,1000,2000,3000,0.36666666666666664,100,50.8,0.7246111163777965,0.8576360056364962,0.7180451127819549,0.8681818181818182,0.6121794871794872,0.08026652160612481,0.1327659574468085,5.457808088101993,0.4696078666608842,0.7965351255619636,0.37222222222222223,0.3785310734463277,0.366120218579235,0.08026652160612481,0.07790549169859515,6.02791737041758
2,gaussiano,2000,2000,2000,4000,0.525,100,63.1,0.7109495328975226,0.8581880174127475,0.7011494252873564,0.8714285714285714,0.5865384615384616,0.06475209689315672,0.1327659574468085,5.3549083407345455,0.4855089348628315,0.808982839612693,0.3978201634877384,0.3967391304347826,0.3989071038251366,0.06475209689315672,0.07790549169859515,6.232024524550771
2,student_t,2000,250,2000,2250,0.15555555555555556,100,47.0,0.6815537163757918,0.8426027276616089,0.6543438077634011,0.7729257641921398,0.5673076923076923,0.10208451811981799,0.1327659574468085,5.133497543215099,0.38222203081993744,0.7359792924935289,0.3395061728395062,0.3900709219858156,0.3005464480874317,0.10208451811981799,0.07790549169859515,4.906227051344443
2,student_t,2000,500,2000,2500,0.24,100,44.4,0.6610334588125345,0.8391632696711204,0.6164623467600701,0.6795366795366795,0.5641025641025641,0.13602632122129954,0.1327659574468085,4.978937910927744,0.39801830315039605,0.7448899787576505,0.3076923076923077,0.30939226519337015,0.30601092896174864,0.13602632122129954,0.07790549169859515,5.108989038799346
2,student_t,2000,1000,2000,3000,0.36666666666666664,100,52.2,0.6970861325211907,0.8487204650109459,0.6787658802177858,0.7824267782426778,0.5993589743589743,0.3695782296359539,0.1327659574468085,5.250488498156405,0.4437497522299398,0.7698182038357326,0.33689839572192515,0.3298429319371728,0.3442622950819672,0.3695782296359539,0.07790549169859515,5.696000917967916
2,student_t,2000,2000,2000,4000,0.525,100,65.0,0.7030216304293363,0.8470188218716188,0.70703125,0.905,0.5801282051282052,0.46434007284946827,0.1327659574468085,5.295194972785065,0.5012210218615193,0.8299022650096625,0.4166666666666667,0.5038759689922481,0.3551912568306011,0.46434007284946827,0.07790549169859515,6.433705903566715
2,vae,2000,250,2000,2250,0.15555555555555556,100,45.1,0.6575606007698905,0.8230747213205506,0.6585365853658537,0.9,0.5192307692307693,0.19226024257560792,0.1327659574468085,4.952780166055266,0.3726249416680428,0.7308705326733572,0.29253731343283584,0.3223684210526316,0.2677595628415301,0.19226024257560792,0.07790549169859515,4.783038185673401
2,vae,2000,500,2000,2500,0.24,100,47.6,0.6684566539773722,0.8306723534888403,0.617059891107078,0.7112970711297071,0.5448717948717948,0.021618682476496242,0.1327659574468085,5.034849797585977,0.4666691728788997,0.784173188219326,0.3248259860788863,0.28225806451612906,0.3825136612021858,0.021618682476496242,0.07790549169859515,5.990196104330795
2,vae,2000,1000,2000,3000,0.36666666666666664,100,56.5,0.6723105780995492,0.8244995722301904,0.6815834767641996,0.7360594795539034,0.6346153846153846,0.06191066483389434,0.1327659574468085,5.063877751711349,0.43124205518680636,0.753745162445948,0.2638888888888889,0.19338422391857507,0.41530054644808745,0.06191066483389434,0.07790549169859515,5.5354512985454
2,vae,2000,2000,2000,4000,0.525,100,65.9,0.6070524389091791,0.7750402606879544,0.5577689243027888,0.7368421052631579,0.44871794871794873,0.06957924596401813,0.1327659574468085,4.572350100758241,0.5043487806949395,0.7846626200243202,0.3233333333333333,0.23261390887290168,0.5300546448087432,0.06957924596401813,0.07790549169859515,6.473854021051436
2,gan,2000,250,2000,2250,0.15555555555555556,100,43.2,0.6145154100919608,0.8208289298205883,0.5409836065573771,0.5536912751677853,0.5288461538461539,0.17004214077887425,0.1327659574468085,4.628561582423423,0.4286191197576724,0.7424125456004117,0.32592592592592595,0.2972972972972973,0.36065573770491804,0.17004214077887425,0.07790549169859515,5.5017831273812705
2,gan,2000,500,2000,2500,0.24,100,43.2,0.5651830329235288,0.8010288492992124,0.5190562613430127,0.5983263598326359,0.4583333333333333,0.13265981794655823,0.1327659574468085,4.256987587725297,0.43043856612993614,0.72592701915848,0.3620178041543027,0.3961038961038961,0.3333333333333333,0.13265981794655823,0.07790549169859515,5.525137660323606
2,gan,2000,1000,2000,3000,0.36666666666666664,100,46.8,0.5781267905490324,0.8016437684003925,0.54296875,0.695,0.44551282051282054,0.21937087268175703,0.1327659574468085,4.354480633943033,0.46447673611933443,0.7594341764679169,0.40828402366863903,0.44516129032258067,0.3770491803278688,0.21937087268175703,0.07790549169859515,5.96205384231867
2,gan,2000,2000,2000,4000,0.525,100,62.3,0.5880167347734744,0.7879645705946,0.5454545454545454,0.6144578313253012,0.49038461538461536,0.177982270040432,0.1327659574468085,4.428972201018157,0.4803081969456199,0.7543430765582348,0.40318302387267907,0.3917525773195876,0.41530054644808745,0.177982270040432,0.07790549169859515,6.1652675116134485
2,autoregresivo,2000,250,2000,2250,0.15555555555555556,100,47.3,0.7228658200482303,0.868479655771118,0.7023172905525846,0.7911646586345381,0.6314102564102564,0.06661452804205298,0.1327659574468085,5.4446624266453245,0.5098412264016433,0.8230300369848982,0.4419889502762431,0.44692737430167595,0.4371584699453552,0.06661452804205298,0.07790549169859515,6.544355414303061
2,autoregresivo,2000,500,2000,2500,0.24,100,46.7,0.7257111232272504,0.8810941471024887,0.7088122605363985,0.8809523809523809,0.592948717948718,0.18240418002009454,0.1327659574468085,5.466093396102688,0.49852446801389694,0.8266276130360414,0.4092219020172911,0.4329268292682927,0.3879781420765027,0.18240418002009454,0.07790549169859515,6.399092761555431
2,autoregresivo,2000,1000,2000,3000,0.36666666666666664,100,54.2,0.7286096840230553,0.9011041808208148,0.7218045112781954,0.8727272727272727,0.6153846153846154,0.1240878204894926,0.1327659574468085,5.487925504660834,0.47909686827757236,0.8147450161209754,0.36828644501278773,0.34615384615384615,0.39344262295081966,0.1240878204894926,0.07790549169859515,6.149718817399003
2,autoregresivo,2000,2000,2000,4000,0.525,100,61.5,0.6961551391556732,0.8815510115497849,0.6676342525399129,0.610079575596817,0.7371794871794872,0.030486498818568446,0.1327659574468085,5.243476208384077,0.45648122879917596,0.7740212625322295,0.24924012158054712,0.1726315789473684,0.44808743169398907,0.030486498818568446,0.07790549169859515,5.859422986061554
2,factor_mercado,2000,250,2000,2250,0.15555555555555556,100,41.4,0.7067497371338801,0.8567191313756574,0.685823754789272,0.8523809523809524,0.5737179487179487,0.2326716257579188,0.1327659574468085,5.3232752636686484,0.45209562477112625,0.7723208654365278,0.3902439024390244,0.4413793103448276,0.34972677595628415,0.2326716257579188,0.07790549169859515,5.8031290851769155
2,factor_mercado,2000,500,2000,2500,0.24,100,47.8,0.7191494762113979,0.8578483178581313,0.6934865900383141,0.861904761904762,0.5801282051282052,0.08877529438190607,0.1327659574468085,5.416670734284568,0.47370050223334476,0.785043569522022,0.4086687306501548,0.4714285714285714,0.36065573770491804,0.08877529438190607,0.07790549169859515,6.080450708995229
2,factor_mercado,2000,1000,2000,3000,0.36666666666666664,100,54.5,0.7121591394973453,0.8479844493092776,0.6972111553784861,0.9210526315789473,0.5608974358974359,0.14614204922143145,0.1327659574468085,5.364019159675518,0.4697538260260916,0.7435755768483618,0.43670886075949367,0.518796992481203,0.3770491803278688,0.14614204922143145,0.07790549169859515,6.029790914400487
2,factor_mercado,2000,2000,2000,4000,0.525,100,67.5,0.7197237522724856,0.8374113006718503,0.7040280210157618,0.7760617760617761,0.6442307692307693,0.05083446972516673,0.1327659574468085,5.420996211026735,0.46580782892820916,0.7439741862565531,0.34782608695652173,0.3116883116883117,0.39344262295081966,0.05083446972516673,0.07790549169859515,5.9791398368981605
2,sin_sinteticos,4000,0,4000,4000,0.05,100,64.7,0.706671171071796,0.8650134621675347,0.657487091222031,0.7100371747211895,0.6121794871794872,0.08631019600299226,0.1327659574468085,5.322683500060003,0.4707184332924481,0.7855304784826606,0.39420289855072466,0.41975308641975306,0.37158469945355194,0.08631019600299226,0.07790549169859515,6.042172676524375
2,ruido,4000,250,4000,4250,0.10588235294117647,100,66.1,0.6936789123699437,0.8601082635062026,0.6506469500924215,0.7685589519650655,0.5641025641025641,0.08186719621830627,0.1327659574468085,5.224825141247974,0.478973890750059,0.7953872313801473,0.438871473354232,0.5147058823529411,0.3825136612021858,0.08186719621830627,0.07790549169859515,6.148140269791741
2,ruido,4000,500,4000,4500,0.15555555555555556,100,68.3,0.6941403855753306,0.8624735789235298,0.6765249537892791,0.7991266375545851,0.5865384615384616,0.47891154802246255,0.1327659574468085,5.228300981096241,0.4942364069386894,0.8091039361417637,0.43260188087774293,0.5073529411764706,0.3770491803278688,0.47891154802246255,0.07790549169859515,6.344050928409735
2,ruido,4000,1000,4000,5000,0.24,100,73.7,0.7079975091835945,0.8531632948340505,0.70703125,0.905,0.5801282051282052,0.4640201714745089,0.1327659574468085,5.332673546735408,0.4543667394155828,0.7770310158485082,0.3911671924290221,0.4626865671641791,0.33879781420765026,0.4640201714745089,0.07790549169859515,5.832281261678711
2,ruido,4000,2000,4000,6000,0.36666666666666664,100,80.4,0.7234107890122221,0.8586456682016056,0.6953125,0.89,0.5705128205128205,0.5949855543219743,0.1327659574468085,5.448767160829237,0.501394325348989,0.8147475389653311,0.416403785488959,0.4925373134328358,0.36065573770491804,0.5949855543219743,0.07790549169859515,6.4359304384960385
2,gaussiano,4000,250,4000,4250,0.10588235294117647,100,65.9,0.7005457770425454,0.8646344455348379,0.6283524904214559,0.780952380952381,0.5256410256410257,0.15818697202731605,0.1327659574468085,5.276546718108916,0.47220060989112644,0.7871602359364042,0.41916167664670656,0.46357615894039733,0.3825136612021858,0.15818697202731605,0.07790549169859515,6.061197992536918
2,gaussiano,4000,500,4000,4500,0.15555555555555556,100,69.8,0.7024727560427182,0.8639676278905917,0.6513409961685823,0.8095238095238095,0.5448717948717948,0.31526663398041527,0.1327659574468085,5.291060822757654,0.47831032663780243,0.7882702874528859,0.4350453172205438,0.4864864864864865,0.39344262295081966,0.31526663398041527,0.07790549169859515,6.139622717334415
2,gaussiano,4000,1000,4000,5000,0.24,100,74.7,0.7068388595850668,0.8549278452983065,0.6541353383458647,0.7909090909090909,0.5576923076923077,0.043315691702349605,0.1327659574468085,5.323946538541369,0.4821504081339188,0.7922538586904418,0.4056338028169014,0.4186046511627907,0.39344262295081966,0.043315691702349605,0.07790549169859515,6.188914255227187
2,gaussiano,4000,2000,4000,6000,0.36666666666666664,100,79.7,0.7205574483824392,0.8541014003170528,0.7171903881700554,0.8471615720524017,0.6217948717948718,0.08372366978115386,0.1327659574468085,5.427275652880552,0.46780214600275877,0.785525432793949,0.36649214659685864,0.35175879396984927,0.3825136612021858,0.08372366978115386,0.07790549169859515,6.004739021641969
2,student_t,4000,250,4000,4250,0.10588235294117647,100,70.1,0.6717636806782782,0.8368702976774616,0.6617375231053605,0.7816593886462883,0.5737179487179487,0.1481910458147025,0.1327659574468085,5.059758492288314,0.3337669727620485,0.7217201761954498,0.30914826498422715,0.3656716417910448,0.2677595628415301,0.1481910458147025,0.07790549169859515,4.284254748732524
2,student_t,4000,500,4000,4500,0.15555555555555556,100,67.3,0.6638858033846153,0.8353636672454141,0.65625,0.84,0.5384615384615384,0.3283314663139212,0.1327659574468085,5.000421916518738,0.3635494418211946,0.7206076018346124,0.30914826498422715,0.3656716417910448,0.2677595628415301,0.3283314663139212,0.07790549169859515,4.666544474524514
2,student_t,4000,1000,4000,5000,0.24,100,72.4,0.6651522381378785,0.8351183286781914,0.6551724137931034,0.8142857142857143,0.5480769230769231,0.31972108921583964,0.1327659574468085,5.009960768025688,0.37314610687920513,0.7376292327021176,0.3,0.3248407643312102,0.2786885245901639,0.31972108921583964,0.07790549169859515,4.78972789649865
2,student_t,4000,2000,4000,6000,0.36666666666666664,100,83.0,0.6308265406193142,0.8281403336604514,0.5714285714285714,0.6909090909090909,0.48717948717948717,0.4823453376556147,0.1327659574468085,4.751417854023681,0.44874773624225495,0.7717784539000652,0.3768996960486322,0.4246575342465753,0.33879781420765026,0.4823453376556147,0.07790549169859515,5.760155368486649
2,vae,4000,250,4000,4250,0.10588235294117647,100,69.5,0.6782437727289156,0.8330864220829873,0.685823754789272,0.8523809523809524,0.5737179487179487,0.07222822318795853,0.1327659574468085,5.108566877926127,0.3686787000206323,0.7325179500375903,0.3151515151515151,0.35374149659863946,0.28415300546448086,0.07222822318795853,0.07790549169859515,4.732383969117296
2,vae,4000,500,4000,4500,0.15555555555555556,100,70.1,0.674055273036879,0.8461161017588888,0.6129597197898424,0.6756756756756757,0.5608974358974359,0.08522168347233239,0.1327659574468085,5.077018883450852,0.4449676550456532,0.7687409492958741,0.3342036553524804,0.32,0.34972677595628415,0.08522168347233239,0.07790549169859515,5.711633998372893
2,vae,4000,1000,4000,5000,0.24,100,75.5,0.6540928905917066,0.819465413552754,0.6475095785440613,0.8047619047619048,0.5416666666666666,0.16640942288321614,0.1327659574468085,4.926661195161893,0.38299414780103536,0.7401419856803354,0.28287841191067,0.2590909090909091,0.3114754098360656,0.16640942288321614,0.07790549169859515,4.916137995544437
2,vae,4000,2000,4000,6000,0.36666666666666664,100,87.1,0.6254684072003425,0.7862291147681235,0.6059544658493871,0.667953667953668,0.5544871794871795,0.019311292174530512,0.1327659574468085,4.711060118335913,0.5032694971970455,0.8073934476686394,0.3070652173913043,0.20433996383363473,0.6174863387978142,0.019311292174530512,0.07790549169859515,6.4600002672997805
2,gan,4000,250,4000,4250,0.10588235294117647,100,66.0,0.6608055585680079,0.8488486386854885,0.6133333333333333,0.6388888888888888,0.5897435897435898,0.28569963984629687,0.1327659574468085,4.977221354598778,0.459415673480505,0.7347758957358885,0.3967828418230563,0.3894736842105263,0.40437158469945356,0.28569963984629687,0.07790549169859515,5.897089710413695
2,gan,4000,500,4000,4500,0.15555555555555556,100,72.3,0.6180765698157632,0.8473915477718225,0.563922942206655,0.6216216216216216,0.5160256410256411,0.11548655811960212,0.1327659574468085,4.655384420086678,0.4684994271494461,0.7700427369833844,0.38961038961038963,0.3712871287128713,0.4098360655737705,0.11548655811960212,0.07790549169859515,6.013689368164202
2,gan,4000,1000,4000,5000,0.24,100,75.0,0.586682243045564,0.8078165496590424,0.5499124343257443,0.6061776061776062,0.5032051282051282,0.06302363124289442,0.1327659574468085,4.418920740888063,0.4618356995041827,0.7456897204183884,0.354916067146283,0.3162393162393162,0.40437158469945356,0.06302363124289442,0.07790549169859515,5.928153323143853
2,gan,4000,2000,4000,6000,0.36666666666666664,100,80.5,0.6226589715895059,0.8023829294683074,0.5862068965517241,0.7285714285714285,0.49038461538461536,0.12421166546993406,0.1327659574468085,4.689899305241471,0.4925828944417253,0.7801088859623895,0.41643835616438357,0.4175824175824176,0.41530054644808745,0.12421166546993406,0.07790549169859515,6.322826333571655
2,autoregresivo,4000,250,4000,4250,0.10588235294117647,100,67.0,0.7289207632121347,0.8677829571475303,0.7201426024955436,0.8112449799196787,0.6474358974358975,0.0608314193045142,0.1327659574468085,5.490268569065759,0.5151872161899745,0.8170332359515411,0.42528735632183906,0.4484848484848485,0.40437158469945356,0.0608314193045142,0.07790549169859515,6.612976889782788
2,autoregresivo,4000,500,4000,4500,0.15555555555555556,100,68.2,0.731797825180379,0.8727825167962557,0.7171903881700554,0.8471615720524017,0.6217948717948718,0.05846140491711981,0.1327659574468085,5.511938747352214,0.5050644237097314,0.8113366533965054,0.4147727272727273,0.4319526627218935,0.3989071038251366,0.05846140491711981,0.07790549169859515,6.483040061716716
2,autoregresivo,4000,1000,4000,5000,0.24,100,75.3,0.7425200914244412,0.8622942930474824,0.7142857142857143,0.8636363636363636,0.6089743589743589,0.024878861393795186,0.1327659574468085,5.592699406562298,0.5207690655265104,0.8276695477549209,0.4489795918367347,0.48125,0.4207650273224044,0.024878861393795186,0.07790549169859515,6.684625873889469
2,autoregresivo,4000,2000,4000,6000,0.36666666666666664,100,87.0,0.7309569221316875,0.8847427719483656,0.7255639097744361,0.8772727272727273,0.6185897435897436,0.07480207193918353,0.1327659574468085,5.505605022466237,0.49172656984365365,0.8040809530296837,0.4065934065934066,0.4088397790055249,0.40437158469945356,0.07480207193918353,0.07790549169859515,6.311834494878374
2,factor_mercado,4000,250,4000,4250,0.10588235294117647,100,70.4,0.7166726243276672,0.8656535441986865,0.6678141135972461,0.7211895910780669,0.6217948717948718,0.025330909717483682,0.1327659574468085,5.398014958878263,0.47562719345149407,0.7866455756878535,0.3954154727793696,0.41566265060240964,0.3770491803278688,0.025330909717483682,0.07790549169859515,6.105181843811801
2,factor_mercado,4000,500,4000,4500,0.15555555555555556,100,71.8,0.7109722202737042,0.8585701794116906,0.6796875,0.87,0.5576923076923077,0.1415799979963223,0.1327659574468085,5.355079223215401,0.4544603218326762,0.774508171492868,0.40514469453376206,0.4921875,0.3442622950819672,0.1415799979963223,0.07790549169859515,5.833482491721073
2,factor_mercado,4000,1000,4000,5000,0.24,100,73.8,0.7223583421864403,0.8540408520168088,0.735632183908046,0.9142857142857143,0.6153846153846154,0.1561763512544774,0.1327659574468085,5.440840077365817,0.45789198213135773,0.7800937488962556,0.37790697674418605,0.40372670807453415,0.3551912568306011,0.1561763512544774,0.07790549169859515,5.877531508341854
2,factor_mercado,4000,2000,4000,6000,0.36666666666666664,100,83.6,0.6928867505611471,0.8348383910822575,0.7126436781609196,0.8857142857142857,0.5961538461538461,0.09373088277350455,0.1327659574468085,5.218858537880435,0.4563280787318158,0.7761492817462119,0.44,0.5641025641025641,0.36065573770491804,0.09373088277350455,0.07790549169859515,5.857457141754291
2,sin_sinteticos,,0,11336,11336,0.05001764290755117,100,139.1,0.7036450083288991,0.8705493067612793,0.6428571428571429,0.7772727272727272,0.5480769230769231,0.1387367395038616,0.1327659574468085,5.29989028709267,0.5007990131680208,0.812552664375924,0.4582043343653251,0.5285714285714286,0.40437158469945356,0.1387367395038616,0.07790549169859515,6.428288972304267
2,ruido,,250,11336,11586,0.07051614016916968,100,142.1,0.7120207912655911,0.8736993910570946,0.66015625,0.845,0.5416666666666666,0.47541220189843875,0.1327659574468085,5.362977113699165,0.5202303393526287,0.8292160513449285,0.45161290322580644,0.5511811023622047,0.3825136612021858,0.47541220189843875,0.07790549169859515,6.677710749395218
2,ruido,,500,11336,11836,0.09014869888475836,100,139.8,0.7001728891340611,0.8591709443647618,0.6616541353383458,0.8,0.5641025641025641,0.19551602424242953,0.1327659574468085,5.273738107259756,0.45807057126970563,0.7825409079212268,0.3829787234042553,0.4315068493150685,0.3442622950819672,0.19551602424242953,0.07790549169859515,5.879823890232451
2,ruido,,1000,11336,12336,0.127026588845655,100,151.8,0.7016536192588341,0.8608489972572406,0.6678765880217786,0.7698744769874477,0.5897435897435898,0.32536523365548675,0.1327659574468085,5.284891042494424,0.48467882264489803,0.8042121409361771,0.4166666666666667,0.45751633986928103,0.3825136612021858,0.32536523365548675,0.07790549169859515,6.221369149687789
2,ruido,,2000,11336,13336,0.1924865026994601,100,161.0,0.7031362939096367,0.8651723031629803,0.66796875,0.855,0.5480769230769231,0.6544531763406362,0.1327659574468085,5.296058623998867,0.5111890358895316,0.8245740177305502,0.4364820846905538,0.5403225806451613,0.366120218579235,0.6544531763406362,0.07790549169859515,6.561655985270544
2,gaussiano,,250,11336,11586,0.07051614016916968,100,150.1,0.706478624123405,0.8724050728466822,0.6422764227642277,0.8777777777777778,0.5064102564102564,0.2023820210138039,0.1327659574468085,5.321233226570519,0.5178129800997464,0.8142757670708264,0.4842105263157895,0.6764705882352942,0.3770491803278688,0.2023820210138039,0.07790549169859515,6.64668136750986
2,gaussiano,,500,11336,11836,0.09014869888475836,100,139.7,0.7031169250282137,0.8555207468357615,0.649402390438247,0.8578947368421053,0.5224358974358975,0.0974350999508585,0.1327659574468085,5.295912736590712,0.43928146136609114,0.7678579537714,0.3873015873015873,0.4621212121212121,0.3333333333333333,0.0974350999508585,0.07790549169859515,5.638645643436875
2,gaussiano,,1000,11336,12336,0.127026588845655,100,148.9,0.7057794093305306,0.8565241186683779,0.6743295019157088,0.8380952380952381,0.5641025641025641,0.09689219455245665,0.1327659574468085,5.3159667048934205,0.45674022957096966,0.7764684215572005,0.3953488372093023,0.422360248447205,0.37158469945355194,0.09689219455245665,0.07790549169859515,5.862747536951955
2,gaussiano,,2000,11336,13336,0.1924865026994601,100,169.6,0.7082477488425631,0.8614183085478473,0.6422764227642277,0.8777777777777778,0.5064102564102564,0.15314605479255447,0.1327659574468085,5.3345583646795625,0.4892907843299682,0.7960532622900363,0.42990654205607476,0.5,0.3770491803278688,0.15314605479255447,0.07790549169859515,6.2805685923010675
2,student_t,,250,11336,11586,0.07051614016916968,100,150.8,0.6907817806624883,0.8473946931380689,0.6765249537892791,0.7991266375545851,0.5865384615384616,0.04128003412710517,0.1327659574468085,5.203003796656563,0.38706853352439746,0.7397686047157007,0.34674922600619196,0.4,0.30601092896174864,0.04128003412710517,0.07790549169859515,4.9684370778623475
2,student_t,,500,11336,11836,0.09014869888475836,100,147.7,0.6605433637597372,0.846653959387031,0.5968253968253968,0.5911949685534591,0.6025641025641025,0.1276666981195953,0.1327659574468085,4.975246489856995,0.4316618306123056,0.764020707506471,0.32195121951219513,0.2907488986784141,0.36065573770491804,0.1276666981195953,0.07790549169859515,5.540839563433366
2,student_t,,1000,11336,12336,0.127026588845655,100,150.2,0.6090615632766853,0.8269765481492666,0.5447154471544715,0.7444444444444445,0.42948717948717946,0.24823918370239076,0.1327659574468085,4.587482928526316,0.4505679992874511,0.7729843735020612,0.4107744107744108,0.5350877192982456,0.3333333333333333,0.24823918370239076,0.07790549169859515,5.783520384296299
2,student_t,,2000,11336,13336,0.1924865026994601,100,160.0,0.5834308600252891,0.7965231121511789,0.5408348457350273,0.6234309623430963,0.4775641025641026,0.2402514630099054,0.1327659574468085,4.394431157241761,0.43676250749489065,0.7630620266513278,0.3473389355742297,0.3563218390804598,0.33879781420765026,0.2402514630099054,0.07790549169859515,5.606312186368842
2,vae,,250,11336,11586,0.07051614016916968,100,145.4,0.6860615106977745,0.8435298243627488,0.6766917293233082,0.8181818181818182,0.5769230769230769,0.023644561351816955,0.1327659574468085,5.167450481217212,0.38502999345028405,0.7390142742533642,0.34355828220858897,0.3916083916083916,0.30601092896174864,0.023644561351816955,0.07790549169859515,4.942270243796269
2,vae,,500,11336,11836,0.09014869888475836,100,145.6,0.6702308518615832,0.8452542714073626,0.6095238095238096,0.6037735849056604,0.6153846153846154,0.04160055766686674,0.1327659574468085,5.048213147034361,0.4491740316172713,0.774682247753407,0.3380952380952381,0.29957805907172996,0.3879781420765027,0.04160055766686674,0.07790549169859515,5.765627323874154
2,vae,,1000,11336,12336,0.127026588845655,100,152.8,0.6798792963775614,0.8496514934198938,0.6246153846153846,0.6005917159763313,0.6506410256410257,0.07490680344934975,0.1327659574468085,5.120885725920735,0.47754061235876494,0.7928921383124189,0.36,0.30337078651685395,0.4426229508196721,0.07490680344934975,0.07790549169859515,6.129742614375622
2,vae,,2000,11336,13336,0.1924865026994601,100,161.4,0.6657439109215516,0.8405252132558315,0.6095617529880478,0.8052631578947368,0.49038461538461536,0.11372757168377147,0.1327659574468085,5.014417277774508,0.520043571583999,0.8246673629717088,0.430939226519337,0.43575418994413406,0.4262295081967213,0.11372757168377147,0.07790549169859515,6.6753133860700204
2,gan,,250,11336,11586,0.07051614016916968,100,145.9,0.6369015449232458,0.8592574419365391,0.5774193548387097,0.5811688311688312,0.5737179487179487,0.1430560416859739,0.1327659574468085,4.797175097979577,0.4731020507642563,0.7807875310940567,0.36644591611479027,0.3074074074074074,0.453551912568306,0.1430560416859739,0.07790549169859515,6.07276894669529
2,gan,,500,11336,11836,0.09014869888475836,100,149.3,0.616024529136104,0.8326633703228403,0.54627539503386,0.9236641221374046,0.38782051282051283,0.2577944896075915,0.1327659574468085,4.6399283444546295,0.41541720072313826,0.737745283542477,0.42323651452282157,0.8793103448275862,0.2786885245901639,0.2577944896075915,0.07790549169859515,5.332322428954381
2,gan,,1000,11336,12336,0.127026588845655,100,150.6,0.6534777020942141,0.8538647115070078,0.588021778584392,0.6778242677824268,0.5192307692307693,0.12673466438067557,0.1327659574468085,4.922027563850651,0.47792653261356877,0.7775557674744814,0.41711229946524064,0.4083769633507853,0.4262295081967213,0.12673466438067557,0.07790549169859515,6.13469631207253
2,gan,,2000,11336,13336,0.1924865026994601,100,163.1,0.608655541269903,0.807715897939156,0.5662431941923775,0.6527196652719666,0.5,0.11892125968516123,0.1327659574468085,4.58442474994959,0.4723167475164747,0.7636271437869913,0.40771349862258954,0.4111111111111111,0.40437158469945356,0.11892125968516123,0.07790549169859515,6.06268874271147
2,autoregresivo,,250,11336,11586,0.07051614016916968,100,144.4,0.7232285829264343,0.8606469074759064,0.7142857142857143,0.8636363636363636,0.6089743589743589,0.041199928939999984,0.1327659574468085,5.447394775247182,0.4744259255241578,0.7876976017841555,0.3834808259587021,0.4166666666666667,0.3551912568306011,0.041199928939999984,0.07790549169859515,6.089762289924845
2,autoregresivo,,500,11336,11836,0.09014869888475836,100,142.8,0.7336072829568582,0.8709346141264689,0.7097966728280961,0.8384279475982532,0.6153846153846154,0.09924301824023732,0.1327659574468085,5.525567676117362,0.5190524732488,0.8176563785073843,0.42857142857142855,0.47058823529411764,0.39344262295081966,0.09924301824023732,0.07790549169859515,6.662591582849351
2,autoregresivo,,1000,11336,12336,0.127026588845655,100,146.3,0.7327003464923197,0.8691810724440755,0.7218045112781954,0.8727272727272727,0.6153846153846154,0.12164135837554957,0.1327659574468085,5.518736584156896,0.5501781952322239,0.8469062359666781,0.46956521739130436,0.5,0.4426229508196721,0.12164135837554957,0.07790549169859515,7.062123391259529
2,autoregresivo,,2000,11336,13336,0.1924865026994601,100,157.5,0.7317364346387956,0.8621558969326388,0.7030075187969925,0.85,0.5993589743589743,0.11328774106684136,0.1327659574468085,5.511476350644775,0.5423925121812849,0.8431850405421089,0.46153846153846156,0.46408839779005523,0.45901639344262296,0.11328774106684136,0.07790549169859515,6.962185853081084
2,factor_mercado,,250,11336,11586,0.07051614016916968,100,141.1,0.7168777215763004,0.875161986361692,0.65234375,0.835,0.5352564102564102,0.24763498234961714,0.1327659574468085,5.3995597618727755,0.5118479556968517,0.8111045517157864,0.4713804713804714,0.6140350877192983,0.3825136612021858,0.24763498234961714,0.07790549169859515,6.570113923125162
2,factor_mercado,,500,11336,11836,0.09014869888475836,100,141.0,0.7074396454106258,0.8595122166025012,0.6842105263157895,0.8272727272727273,0.5833333333333334,0.14370098362863082,0.1327659574468085,5.328471688189008,0.45947235864311825,0.7758175277134453,0.39634146341463417,0.4482758620689655,0.3551912568306011,0.14370098362863082,0.07790549169859515,5.8978173248780585
2,factor_mercado,,1000,11336,12336,0.127026588845655,100,151.0,0.7106452639486186,0.8631529780327621,0.6787658802177858,0.7824267782426778,0.5993589743589743,0.1666574840397895,0.1327659574468085,5.352616571407865,0.46442345396972695,0.7826973242712765,0.3826086956521739,0.4074074074074074,0.36065573770491804,0.1666574840397895,0.07790549169859515,5.961369909152396
2,factor_mercado,,2000,11336,13336,0.1924865026994601,100,160.4,0.7132259395294248,0.8615740041770462,0.6678141135972461,0.7211895910780669,0.6217948717948718,0.17868423976717882,0.1327659574468085,5.3720543522248345,0.4739608746851363,0.7870567993178228,0.36633663366336633,0.334841628959276,0.40437158469945356,0.17868423976717882,0.07790549169859515,6.083792866860028
